Year,Artist
2015,Florence and the Machine(replacedFoo Fighters)
2015,The Libertines(special guests)
2015,Motörhead
2015,Mary J. Blige
2015,Alabama Shakes
2015,James Bay
2015,Chronixx
2015,Michael Clark Company
2015,Kanye West
2015,Pharrell Williams
2015,Paloma Faith
2015,Burt Bacharach
2015,George Ezra
2015,The Waterboys
2015,Courtney Barnett
2015,"The Unthankswith Orchestra, conducted byCharles Hazlewood"
2015,The Who
2015,Paul Weller
2015,Alt-J
2015,Lionel Richie
2015,Patti Smith
2015,Hozier
2015,Songhoy Blues
2015,Burtle Silver Band
2015,Rudimental
2015,Mark Ronson
2015,The Courteeners
2015,The Vaccines
2015,Jungle
2015,Catfish and the Bottlemen
2015,Everything Everything
2015,The Cribs
2015,The Charlatans
2015,Deadmau5
2015,Ben Howard
2015,The Maccabees
2015,Clean Bandit
2015,Ella Eyre
2015,Young Fathers
2015,The Strypes(replacedAzealia Banks)
2015,Frank Turner
2015,Swim Deep
2015,The Chemical Brothers
2015,Jamie T
2015,Belle & Sebastian
2015,Future Islands
2015,Twin Atlantic
2015,Palma Violets
2015,Adam Cohen
2015,SOAK
2015,Rival Sons
2015,Enter Shikari
2015,Modestep
2015,SBTRKT
2015,Peace
2015,Chet Faker
2015,The Districts
2015,Leon Bridges
2015,Rainy Boy Sleep
2015,Hinds
2015,Weaves
2015,Suede
2015,La Roux
2015,Death from Above 1979
2015,Jessie Ware
2015,Years & Years
2015,The Pop Group
2015,Sleaford Mods
2015,Slaves
2015,Coasts
2015,Sunset Sons
2015,Isaac Lee-Kronick
2015,FFS(Franz Ferdinand&Sparks)
2015,Death Cab for Cutie
2015,Lianne La Havas
2015,Charli XCX
2015,Django Django
2015,Alvvays
2015,Prides
2015,Saint Raymond
2015,Mini Mansions
2015,Gengahr
2015,Lucy Kitchen
2015,Hot Chip
2015,Caribou
2015,Run The Jewels
2015,The Gaslamp Killer Experience
2015,Kasai Allstars
2015,Marcos Valle
2015,Dorian Concept
2015,The Cambodian Space Project
2015,"The Mothership Returns:George Clinton,Parliament,Funkadelic, &The Family Stone"
2015,Todd Terje & The Olsens
2015,Vintage Trouble
2015,Gregory Porter
2015,Soil & Pimp Sessions
2015,Sinkane
2015,Jane Weaver
2015,K.O.G. & The Zongo Brigade
2015,Flying Lotus
2015,FKA Twigs
2015,Roy Ayers
2015,Steel Pulse
2015,Cumbia All Stars
2015,Hiatus Kaiyote
2015,Ibibio Sound Machine
2015,Flamingods
2015,Super Furry Animals
2015,Jamie xx
2015,Sharon Van Etten
2015,Benjamin Booker
2015,Wolf Alice
2015,Glass Animals
2015,Shlomo
2015,King Gizzard & the Lizard Wizard
2015,Pussy RiotIn Conversation
2015,Rhodes
2015,Jon Hopkins
2015,Spiritualized
2015,Mavis Staples
2015,Father John Misty
2015,Kae Tempest
2015,Gaz Coombes
2015,Giant Sand
2015,Ibeyi
2015,Eaves
2015,Flo Morrissy
2015,Ryan Adams
2015,Goat
2015,The Fall
2015,Perfume Genius
2015,Fat White Family
2015,The Staves
2015,Rae Morris
2015,Jack Garratt
2015,Denai Moore
2015,Rag 'N' Bone Man
2015,Muse
2015,Foals
2015,ZZ Top
2015,Jess Glynne
2015,Two Door Cinema Club
2015,Skepta
2015,Rokia Traoré
2015,The Orchestra of Syrian Musicians withDamon Albarn& Guests
2015,Adele
2015,Tame Impala
2015,The Last Shadow Puppets
2015,Madness
2015,Wolf Alice
2015,Baaba Maal
2015,Squeeze
2015,Lewisham and Greenwich NHS Choir
2015,Coldplay
2015,Beck
2015,Ellie Goulding
2015,Jeff Lynne's ELO
2015,Laura Mvula
2015,Gregory Porter
2015,Caravan Palace
2015,Burnham and Highbridge Band
2015,Disclosure
2015,Bastille
2015,Bring Me the Horizon
2015,Editors
2015,The Lumineers
2015,Frightened Rabbit
2015,Christine and the Queens
2015,Blossoms
2015,James
2015,New Order
2015,Chvrches
2015,The 1975
2015,Tom Odell
2015,Band of Skulls
2015,Hurts
2015,St. Paul and The Broken Bones
2015,Shura
2015,HÆLOS
2015,LCD Soundsystem
2015,PJ Harvey
2015,Catfish and the Bottlemen
2015,Years & Years
2015,Jamie Lawson
2015,Paul Heaton+Jacqui Abbott
2015,Bear's Den
2015,Newton Faulkner
2015,Anteros
2015,Underworld
2015,Róisín Murphy
2015,White Denim
2015,Protoje
2015,Vince Staples
2015,DakhaBrakha
2015,Bixiga 70
2015,The Paradise Bangkok Molam International Band
2015,James Blake
2015,Santigold
2015,The Very Bestwith Special Guests
2015,Shibusashirazu Orchestra
2015,Mbongwana Star
2015,Little Simz
2015,Odisee & Good Company
2015,Anna Meredith
2015,"Earth, Wind & Fire"
2015,Gary Clark Jr
2015,Quantic All Stars
2015,Anoushka Shankar
2015,Michael Kiwanuka
2015,Kamasi Washington
2015,Eska
2015,Human Pyramids
2015,Sigur Rós
2015,AlunaGeorge
2015,Explosions in the Sky
2015,Jack Garratt
2015,Half Moon Run
2015,Aurora
2015,Rat Boy
2015,Elle King
2015,X Ambassadors
2015,Dan Stuartwith Twin Tones
2015,M83
2015,Fatboy Slim
2015,Example
2015,John Grant
2015,MØ
2015,Låpsley
2015,Alessia Cara
2015,Dua Lipa
2015,Nothing but Thieves
2015,Palace
2015,Jake Bugg
2015,Mac DeMarco
2015,Of Monsters and Men
2015,Band of Horses
2015,Bat for Lashes
2015,Mystery Jets
2015,Matt Corby
2015,Tired Lion
2015,She Drew the Gun
2015,Richard Hawley
2015,Savages
2015,Ronnie Spector
2015,Daughter
2015,Ezra Furman
2015,Unknown Mortal Orchestra
2015,Nao
2015,Night Beats
2015,Declan McKenna
2015,Gwenno Saunders
2015,Philip Glass'Heroes Symphony
2015,Mercury Rev
2015,Floating Points
2015,Ernest Ranglin & Friends
2015,Kurt Vile
2015,Jagwar Ma
2015,Lady Leshurr
2015,Izzy Bizu
2015,Cat's Eyes
2015,Car Seat Headrest
2015,Grimes
2015,Guy Garvey
2015,Saint Etienne
2015,Kwabs
2015,Nathaniel Rateliff & The Night Sweats
2015,Hinds
2015,C Duncan
2015,Holly Macve
2015,Khruangbin
2015,Radiohead
2015,The xx
2015,Royal Blood
2015,Kris Kristofferson
2015,First Aid Kit
2015,Blossoms
2015,Paul Carrack
2015,"Hacienda Classical –Graeme Park,Mike Pickering&Manchester Camerata Orchestra+ special guests"
2015,Foo Fighters
2015,The National
2015,Katy Perry
2015,Run The Jewels
2015,Craig David
2015,Jools Holland & His Rhythm & Blues Orchestra
2015,Vieux Farka Touré
2015,The Bootleg Beatleswith The Pepperland Sinfonia
2015,Ed Sheeran
2015,Biffy Clyro
2015,Chic
2015,Barry Gibb
2015,Laura Marling
2015,Jamie Cullum
2015,Orchestra Baobab
2015,Black Dyke Band
2015,Major Lazer
2015,Lorde
2015,George Ezra
2015,Halsey
2015,Glass Animals
2015,Circa Waves
2015,Nothing But Thieves
2015,Charli XCX
2015,The Pretenders
2015,Alt-J
2015,Stormzy
2015,Wiley
2015,Liam Gallagher
2015,Kaiser Chiefs
2015,Wild Beasts
2015,British Sea Power
2015,Whitney
2015,Gabrielle Aplin
2015,Boy Better Know
2015,Emeli Sandé
2015,The Courteeners
2015,HAIM
2015,Kodaline
2015,Rag'n'Bone Man
2015,Dropkick Murphys
2015,Deaf Havana
2015,Slaves
2015,Dizzee Rascal
2015,Anderson Paak& The Free Nationals
2015,Little Dragon
2015,Kae Tempest
2015,Pat Thomas& The Kwashibu Area Band
2015,Ata Kak
2015,Henry Wupresents TheKamaal Williams Ensemble
2015,Hot 8 Brass Band
2015,The Jacksons
2015,Solange
2015,The Avalanches
2015,Toots & The Maytals
2015,Badbadnotgood
2015,Thundercat
2015,Afriquoi
2015,Khruangbin
2015,Justice
2015,Moderat
2015,The Cinematic Orchestra
2015,Shaggy
2015,Oumou Sangaré
2015,Yorkston/Thorne/Khan
2015,Ryley Walker
2015,House Gospel Choir
2015,Annie Mac
2015,Clean Bandit
2015,Future Islands
2015,Ride
2015,Declan McKenna
2015,The Lemon Twigs
2015,Dua Lipa
2015,Black Honey
2015,Rews
2015,Dam
2015,Phoenix
2015,Father John Misty
2015,DJ Shadow
2015,Tove Lo
2015,Loyle Carner
2015,Cabbage
2015,The Amazons
2015,Inheaven
2015,Maggie Rogers
2015,Josh Barry
2015,Metronomy
2015,London Grammar
2015,Goldfrapp
2015,"The Killers(secret show, listed in programme as TBA)"
2015,Frank Carter and the Rattlesnakes
2015,King Gizzard and the Lizard Wizard
2015,Real Estate
2015,Sundara Karma
2015,October Drift
2015,The Flaming Lips
2015,Sleaford Mods
2015,Elbow(secret band originally billed as 'TBA')
2015,Angel Olsen
2015,Mark Lanegan
2015,Hamilton Leithauser
2015,Margo Price
2015,Bo Ningen
2015,Georgia
2015,Warpaint
2015,Joe Goddard
2015,Songhoy Blues
2015,Temples
2015,Nadia Rose
2015,Sigrid
2015,The Moonlandingz
2015,Amber Arcades
2015,Kelsey Lu
2015,Kano
2015,Sampha
2015,Nick Mulvey
2015,Lisa Hannigan
2015,Julia Jacklin
2015,All We Are
2015,Dr. Dog
2015,She Drew the Gun
2015,Avalonian Choir
2015,Stormzy[A]
2015,George Ezra
2015,Lauryn Hill
2015,Bastille[B]
2015,Sheryl Crow
2015,Tom Odell
2015,Björn Again
2015,The Killers[C]
2015,Liam Gallagher
2015,Janet Jackson
2015,Hozier
2015,Anne-Marie
2015,Carrie Underwood
2015,The Proclaimers
2015,The Cure
2015,Vampire Weekend
2015,Miley Cyrus[E]
2015,Kylie Minogue[D]
2015,Years & Years
2015,Mavis Staples
2015,Tame Impala
2015,Two Door Cinema Club
2015,The Charlatans
2015,The Lumineers
2015,Mac Demarco
2015,The Wombats
2015,MØ
2015,The Vaccines
2015,The Chemical Brothers
2015,Courteeners
2015,Sigrid
2015,Johnny Marr
2015,Lewis Capaldi
2015,Maggie Rogers
2015,Fantastic Negrito
2015,The Cat Empire
2015,Christine and the Queens
2015,Dave
2015,Billie Eilish
2015,Loyle Carner
2015,Bring Me the Horizon
2015,Babymetal
2015,Slaves
2015,Circa Waves
2015,SK Shlomo
2015,Jon Hopkins
2015,Jorja Smith
2015,Maribou State
2015,The Comet Is Coming
2015,BCUC
2015,Swindle
2015,Acid Mothers Temple
2015,The Mauskovic Dance Band
2015,Wu-Tang Clan
2015,Jungle
2015,Neneh Cherry
2015,Lizzo
2015,Slowthai
2015,Ezra Collective
2015,Grupo Magnetico
2015,The Turbans (music group)
2015,Janelle Monáe
2015,Kamasi Washington
2015,Roy Ayers
2015,Fatoumata Diawara
2015,This Is the Kit
2015,Jeff Goldblum
2015,Hollie Cook
2015,KOKOROKO
2015,Interpol
2015,Pale Waves
2015,Aurora
2015,Rosalía
2015,Pond
2015,Goat Girl
2015,Mahalia
2015,Pip Blom
2015,Sean Paul
2015,Bugzy Malone
2015,Sharon Van Etten
2015,Low
2015,Freya Ridings
2015,Shura
2015,Gerry Cinnamon
2015,She Drew the Gun
2015,Swimming Girls
2015,The Streets
2015,Friendly Fires
2015,Stefflon Don
2015,Tom Walker
2015,Dermot Kennedy
2015,Octavian
2015,Alma
2015,Eyre Llew
2015,Cat Power
2015,Michael Kiwanuka
2015,Idles
2015,SOAK
2015,King Princess
2015,Lukas Nelson & Promise of the Real
2015,Georgia
2015,Steam Down
2015,Lankum
2015,Hot Chip
2015,Kae Tempest
2015,Kurt Vileand theViolators
2015,Foals(Originally billed as TBA)
2015,Sons of Kemet
2015,Love Unlimited Orchestra
2015,Mattiel
2015,Ama Lou
2015,Vampire Weekend(Originally billed as TBA)
2015,Rex Orange County
2015,Little Simz
2015,"The Good, the Bad & the Queen"
2015,Fat White Family
2015,Palace
2015,Koffee
2015,Jessie Buckley
2015,Black Peaches
2015,"Glastonbury in the 90s, narrated bySkinfromSkunk Anansie"
2015,Radiohead(1997)
2015,R.E.M.(1999)
2015,Glastonbury in the 21st Century – performances since 2000
2015,Kylie Minogue(2019)
2015,Arctic Monkeys(2013)
2015,"Glastonbury Legends – includingPaul McCartney,Paul Simon,Kylie Minogue, andMadness"
2015,Live at Worthy Farm: Backstage – narrated byJo Whiley
2015,"Live at Worthy Farm – highlights from the 2021 live-stream includingColdplay,HAIM, andDamon Albarn"
2015,Al Green(1999)
2015,"Best of Glastonbury 1998 – includingPrimal Scream,James,Foo Fighters,The Lightning Seeds,Blur,Robbie Williams"
2015,"Best of Glastonbury 1999 – including R.E.M.,The Beautiful South,Blondie, andBarenaked Ladies"
2015,"Best of Glastonbury 2003 – includingManic Street Preachers, R.E.M.,Radiohead,Macy Gray, and theSugababes"
2015,Iggy PopandThe Stooges(2007)
2015,"Glastonbury 2017 – includingRadiohead,Foo Fighters, andEd Sheeran; hosted byJo WhileyandMark Radcliffe"
2015,Fela Kuti(1984)
2015,Billie Eilish
2015,Sam Fender
2015,Robert Plant&Alison Krauss
2015,Wolf Alice
2015,Crowded House
2015,Rufus Wainwright
2015,Ziggy Marley
2015,Paul McCartney
2015,Noel Gallagher's High Flying Birds
2015,Haim
2015,Greta Thunberg
2015,AJ Tracey
2015,Easy Life
2015,Joy Crookes
2015,Les Amazones D'Afrique
2015,Kendrick Lamar
2015,Lorde
2015,Elbow
2015,Diana Ross
2015,Herbie Hancock
2015,Dakhabrakha
2015,Black Dyke Band
2015,Foals
2015,St. Vincent
2015,Idles
2015,Supergrass
2015,First Aid Kit
2015,Blossoms
2015,Kae Tempest
2015,The Libertines
2015,Megan Thee Stallion
2015,Burna Boy
2015,Olivia Rodrigo
2015,Glass Animals
2015,Metronomy
2015,Skunk Ananise
2015,Tems
2015,Hak Baker
2015,Pet Shop Boys
2015,Years & Years
2015,Kacey Musgraves
2015,Fontaines DC
2015,Declan McKenna
2015,Lianne La Havas
2015,Sea Girls
2015,Kojey Radical
2015,Little Simz
2015,Bonobo
2015,Seun Kuti& Egypt 80
2015,TLC
2015,Sleaford Mods
2015,Greentea Peng
2015,Arooj Aftab
2015,Nubiyan Twist
2015,Roisin Murphy
2015,Caribou
2015,Leon Bridges
2015,Celeste
2015,Yves Tumor
2015,Black Midi
2015,Brass Against
2015,Kikagaku Moyo
2015,Bicep
2015,Angelique Kidjo
2015,Koffee
2015,Snarky Puppy
2015,Nubya Garcia
2015,Nightmares On Wax
2015,Emma-Jean Thackray
2015,Ishmael Ensemble
2015,Primal Scream
2015,The Jesus and Mary Chain
2015,Phoebe Bridgers
2015,Sigrid
2015,Girl In Red
2015,Inhaler
2015,Griff
2015,Bad Boy Chiller Crew
2015,English Teacher
2015,Jamie T
2015,Yungblud
2015,Ghetts
2015,Pa Salieu
2015,Beabadoobee
2015,Self Esteem
2015,Holly Humberstone
2015,Enny
2015,Go_A
2015,Charli XCX
2015,Little Dragon
2015,Turnstile
2015,Amyl and the Sniffers
2015,Clairo
2015,George Ezra(billed as TBA)
2015,Sports Team
2015,Just Mustard
2015,Four Tet
2015,Khruangbin
2015,Saint Etienne
2015,Arlo Parks
2015,Dry Cleaning
2015,Confidence Man
2015,Wet Leg
2015,Orlando Weeks
2015,Matilda Mann
2015,Jessie Ware
2015,Mitski
2015,The Avalanches
2015,Big Thief
2015,Squid
2015,Sampa The Great
2015,Gabriels
2015,Katy J Pearson
2015,Yasmin Williams
2015,Courtney Barnett
2015,Jarv Is...
2015,Jack White(billed as TBA)
2015,Caroline Polachek
2015,Cate Le Bon
2015,Warmduscher
2015,Big Joanie
2015,Deep Throat Choir
2015,Arctic Monkeys
2015,Royal Blood
2015,"Foo Fighters(billed as ""The Churnups"")[30]"
2015,Texas
2015,Stefflon Don
2015,Maisie Peters
2015,The Master Musicians of Joujouka
2015,Guns N' Roses
2015,Lizzo
2015,Lewis Capaldi
2015,Aitch
2015,Amadou & Mariam
2015,Raye
2015,Rick Astley
2015,Elton John
2015,Lil Nas X
2015,Blondie
2015,Yusuf / Cat Stevens
2015,The Chicks
2015,Sophie Ellis-Bextor
2015,Bristol Reggae Orchestra andWindrush Choir[31]
2015,Wizkid
2015,Fred Again..
2015,Chvrches
2015,Krept and Konan
2015,Carly Rae Jepsen
2015,The Lightning Seeds
2015,The Hives
2015,Ben Howard
2015,Lana Del Rey
2015,Central Cee
2015,Manic Street Preachers
2015,Maggie Rogers
2015,Generation Sex
2015,Tom Grennan
2015,The Lathums
2015,The Unthanks
2015,Queens of the Stone Age
2015,The War on Drugs
2015,Becky Hill
2015,Dermot Kennedy
2015,The Teskey Brothers
2015,Nova Twins
2015,Japanese Breakfast
2015,The Joy
2015,Kelis
2015,Young Fathers
2015,Joey Bada$$
2015,Gabriels
2015,Louis Cole
2015,ADG7
2015,Yaya Bey
2015,Star Feminine Band
2015,Loyle Carner
2015,Mahalia
2015,Ezra Collective
2015,Jacob Collier
2015,Third World
2015,Sudan Archives
2015,Kanda Bongo Man
2015,Say She She
2015,Rudimental
2015,Candi Staton
2015,Barrington Levy
2015,The Hu
2015,Speakers Corner Quartet
2015,"Black Country, New Road"
2015,Beth Orton
2015,Skinny Pelembe
2015,Hot Chip
2015,Warpaint
2015,Hozier(billed as TBA)
2015,Courteeners
2015,Pale Waves
2015,Digga D
2015,Flo
2015,Bru-C
2015,The Sixsters
2015,Christine & The Queens
2015,Rina Sawayama
2015,Maneskin
2015,Rick Astley&BlossomsperformThe Smiths(billed as TBA)
2015,Shame
2015,The Murder Capital
2015,Working Men's Club
2015,Wunderhorse
2015,The Last Dinner Party
2015,Phoenix
2015,Caroline Polachek
2015,Editors
2015,Slowdive
2015,Cat Burns
2015,The Big Moon
2015,CMAT
2015,The Love Buzz
2015,Fever Ray
2015,Sparks
2015,Shygirl
2015,The Comet Is Coming
2015,Unknown Mortal Orchestra
2015,Billy Nomates
2015,Los Bitchos
2015,Alabaster DePlume
2015,Adwaith
2015,Fatboy Slim
2015,Leftfield
2015,The Pretenders
2015,Tinariwen
2015,Obongjayar
2015,Jockstrap
2015,Flohio
2015,James Ellis Ford
2015,Max Richter
2015,alt-J
2015,Thundercat
2015,Alison Goldfrapp
2015,Viagra Boys
2015,Weyes Blood
2015,Charlotte Adigery&Bolis Pupul
2015,Gwenno
2015,John Francis Flynn
2015,Dua Lipa
2015,LCD Soundsystem
2015,PJ Harvey
2015,Paul Heaton
2015,Seventeen
2015,Olivia Dean
2015,Squeeze
2015,Coldplay
2015,Little Simz
2015,Michael Kiwanuka
2015,Keane
2015,Cyndi Lauper
2015,Ayra Starr
2015,Femi Kuti
2015,SZA
2015,Burna Boy
2015,Janelle Monae
2015,Shania Twain
2015,Paloma Faith
2015,Seasick Steve
2015,Interlinked byBirmingham Royal Ballet
2015,Idles
2015,D-Block Europe
2015,Anne Marie
2015,Bombay Bicycle Club
2015,Confidence Man
2015,Headie One
2015,The Snuts
2015,Annie Mac
2015,Disclosure
2015,The Streets
2015,Camilla Cabello
2015,Bloc Party
2015,The Last Dinner Party
2015,Tems
2015,The Staves
2015,Jamie Webster
2015,The National
2015,Two Door Cinema Club
2015,Avril Lavigne
2015,Nothing But Thieves
2015,James
2015,Soft Play
2015,Rachel Chinouriri
2015,The Zutons
2015,Jungle
2015,Heilung
2015,Danny Brown
2015,Sugababes
2015,Noname
2015,Squid
2015,Asha Puthli
2015,Sofia Kourtesis
2015,Jessie Ware
2015,Masego
2015,Black Pumas
2015,Nitin Sawhney
2015,Corrine Bailey Rae
2015,Alogte Oho & His Sounds of Joy
2015,The Skatalites
2015,47SOUL
2015,Justice
2015,Nia Archives
2015,Brittany Howard
2015,Jordan Rakei
2015,Steel Pulse
2015,Balming Tiger
2015,Jalen Ngonda
2015,Matthew Halsall
2015,Jamie XX
2015,Sampha
2015,Declan McKenna
2015,Arlo Parks
2015,The Vaccines
2015,Kenya Grace
2015,Remi Wolf
2015,Lambrini Girls
2015,Voice of Braceprot
2015,Gossip
2015,Sleaford Mods
2015,Yard Act
2015,Kasabian(billed as TBA)
2015,Fat White Family
2015,Soccer Mommy
2015,Mannequin Pussy
2015,High Vis
2015,Kneecap
2015,James Blake
2015,Romy
2015,Kim Gordon
2015,Alvvays
2015,Blondshell
2015,NewDad
2015,The K's
2015,Jayhadadream (ETC Competition Winner)
2015,Fontaines D.C.
2015,King Krule
2015,Aurora
2015,Dexys
2015,This Is The Kit
2015,The Mary Wallopers
2015,Barry Can't Swim
2015,Moonchild Sanelly
2015,Lynks
2015,Peggy Gou
2015,Orbital
2015,The Breeders
2015,Lankum
2015,Arooj Aftab
2015,Otoboke Beaver
2015,Bar Italia
2015,Kara Jackson
2015,Johnny Flynn
2015,London Grammar
2015,Ghetts
2015,Mount Kimbie
2015,Baxter Dury
2015,Mdou Moctar
2015,Psychedelic Porn Crumpets
2015,Lime Garden
2015,Problem Patterns
2015,The 1975
2015,Biffy Clyro
2015,Alanis Morissette
2015,Lewis Capaldi(billed as TBA)
2015,Burning Spear
2015,CMAT
2015,Supergrass
2015,Neil Young and the Chrome Hearts
2015,Raye
2015,"Pulp(billed as ""Patchwork"")"
2015,John Fogerty
2015,The Script
2015,Brandi Carlile
2015,Kaiser Chiefs
2015,Olivia Rodrigo
2015,Noah Kahan
2015,Nile Rodgers&Chic
2015,Rod Stewart
2015,The Libertines
2015,Celeste
2015,The Selecter
2015,Loyle Carner
2015,Busta Rhymes
2015,Gracie Abrams
2015,Franz Ferdinand
2015,Wet Leg
2015,Inhaler
2015,Rizzle Kicks
2015,Fabio&Grooveriderand the Outlook Orchestra
2015,Charli XCX
2015,Skepta(replacingDeftoneswho cancelled last minute due to illness[34])
2015,Ezra Collective
2015,Amyl & The Sniffers
2015,Weezer
2015,Beabadoobee
2015,Good Neighbours
2015,Alessi Rose
2015,The Prodigy
2015,Wolf Alice
2015,Snow Patrol
2015,Turnstile
2015,Joy Crookes
2015,Shaboozey
2015,Nadine Shah
2015,Louis Dunford
2015,Maribou State
2015,Badbadnotgood
2015,Denzel Curry
2015,En Vogue
2015,Vieux Farka Toure
2015,Glass Beams
2015,Ca7riel & Paco Amoroso
2015,corto.alto
2015,Doechii
2015,Amaarae
2015,Greentea Peng
2015,Yussef Dayes
2015,Kneecap
2015,Bob Vylan
2015,Nilüfer Yanya
2015,Infinity Song
2015,Overmono
2015,Parcels
2015,The Brian Jonestown Massacre
2015,GOAT
2015,Black Uhuru
2015,Cymande
2015,Abel Selaocoeand the Bantu Ensemble
2015,Thandii
2015,Four Tet
2015,Floating Points
2015,PinkPantheress
2015,Blossoms
2015,Lola Young
2015,Shed Seven
2015,Fat Dog
2015,Myles Smith
2015,Lorde(billed as TBA)
2015,Scissor Sisters
2015,Tom Odell
2015,Father John Misty
2015,TV On The Radio
2015,Nova Twins
2015,JADE
2015,Fcukers
2015,Sorry
2015,The Amazons
2015,Jorja Smith
2015,AJ Tracey
2015,St. Vincent
2015,"Black Country, New Road"
2015,Djo
2015,Sprints
2015,Gurriers
2015,Westside Cowboy (ETC Competition Winner)
2015,Anohni and the Johnsons
2015,Self Esteem
2015,Wunderhorse
2015,Osees
2015,English Teacher
2015,Faye Webster
2015,Jalen Ngonda
2015,John Glacier
2015,Horsegirl
2015,Caribou
2015,Beth Gibbons
2015,Haim(billed as TBA)
2015,Gary Numan
2015,Pa Salieu
2015,Lucy Dacus
2015,Japanese Breakfast
2015,Ichiko Aoba
2015,Yann Tiersen
2015,The Maccabees
2015,Future Islands
2015,Kae Tempest
2015,Girl In Red
2015,Royel Otis
2015,Katy J Pearson
2015,Geordie Greep
2015,Melin Melyn
2015,Glastonbury 2008 previewat UKEvents.net
2015,eFestivals.com Glastonbury 2008 lineup rumours
2015,The Archive: a history of UK rock festivals
2016,Muse
2016,Foals
2016,ZZ Top
2016,Jess Glynne
2016,Two Door Cinema Club
2016,Skepta
2016,Rokia Traoré
2016,The Orchestra of Syrian Musicians withDamon Albarn& Guests
2016,Adele
2016,Tame Impala
2016,The Last Shadow Puppets
2016,Madness
2016,Wolf Alice
2016,Baaba Maal
2016,Squeeze
2016,Lewisham and Greenwich NHS Choir
2016,Coldplay
2016,Beck
2016,Ellie Goulding
2016,Jeff Lynne's ELO
2016,Laura Mvula
2016,Gregory Porter
2016,Caravan Palace
2016,Burnham and Highbridge Band
2016,Disclosure
2016,Bastille
2016,Bring Me the Horizon
2016,Editors
2016,The Lumineers
2016,Frightened Rabbit
2016,Christine and the Queens
2016,Blossoms
2016,James
2016,New Order
2016,Chvrches
2016,The 1975
2016,Tom Odell
2016,Band of Skulls
2016,Hurts
2016,St. Paul and The Broken Bones
2016,Shura
2016,HÆLOS
2016,LCD Soundsystem
2016,PJ Harvey
2016,Catfish and the Bottlemen
2016,Years & Years
2016,Jamie Lawson
2016,Paul Heaton+Jacqui Abbott
2016,Bear's Den
2016,Newton Faulkner
2016,Anteros
2016,Underworld
2016,Róisín Murphy
2016,White Denim
2016,Protoje
2016,Vince Staples
2016,DakhaBrakha
2016,Bixiga 70
2016,The Paradise Bangkok Molam International Band
2016,James Blake
2016,Santigold
2016,The Very Bestwith Special Guests
2016,Shibusashirazu Orchestra
2016,Mbongwana Star
2016,Little Simz
2016,Odisee & Good Company
2016,Anna Meredith
2016,"Earth, Wind & Fire"
2016,Gary Clark Jr
2016,Quantic All Stars
2016,Anoushka Shankar
2016,Michael Kiwanuka
2016,Kamasi Washington
2016,Eska
2016,Human Pyramids
2016,Sigur Rós
2016,AlunaGeorge
2016,Explosions in the Sky
2016,Jack Garratt
2016,Half Moon Run
2016,Aurora
2016,Rat Boy
2016,Elle King
2016,X Ambassadors
2016,Dan Stuartwith Twin Tones
2016,M83
2016,Fatboy Slim
2016,Example
2016,John Grant
2016,MØ
2016,Låpsley
2016,Alessia Cara
2016,Dua Lipa
2016,Nothing but Thieves
2016,Palace
2016,Jake Bugg
2016,Mac DeMarco
2016,Of Monsters and Men
2016,Band of Horses
2016,Bat for Lashes
2016,Mystery Jets
2016,Matt Corby
2016,Tired Lion
2016,She Drew the Gun
2016,Richard Hawley
2016,Savages
2016,Ronnie Spector
2016,Daughter
2016,Ezra Furman
2016,Unknown Mortal Orchestra
2016,Nao
2016,Night Beats
2016,Declan McKenna
2016,Gwenno Saunders
2016,Philip Glass'Heroes Symphony
2016,Mercury Rev
2016,Floating Points
2016,Ernest Ranglin & Friends
2016,Kurt Vile
2016,Jagwar Ma
2016,Lady Leshurr
2016,Izzy Bizu
2016,Cat's Eyes
2016,Car Seat Headrest
2016,Grimes
2016,Guy Garvey
2016,Saint Etienne
2016,Kwabs
2016,Nathaniel Rateliff & The Night Sweats
2016,Hinds
2016,C Duncan
2016,Holly Macve
2016,Khruangbin
2016,Radiohead
2016,The xx
2016,Royal Blood
2016,Kris Kristofferson
2016,First Aid Kit
2016,Blossoms
2016,Paul Carrack
2016,"Hacienda Classical –Graeme Park,Mike Pickering&Manchester Camerata Orchestra+ special guests"
2016,Foo Fighters
2016,The National
2016,Katy Perry
2016,Run The Jewels
2016,Craig David
2016,Jools Holland & His Rhythm & Blues Orchestra
2016,Vieux Farka Touré
2016,The Bootleg Beatleswith The Pepperland Sinfonia
2016,Ed Sheeran
2016,Biffy Clyro
2016,Chic
2016,Barry Gibb
2016,Laura Marling
2016,Jamie Cullum
2016,Orchestra Baobab
2016,Black Dyke Band
2016,Major Lazer
2016,Lorde
2016,George Ezra
2016,Halsey
2016,Glass Animals
2016,Circa Waves
2016,Nothing But Thieves
2016,Charli XCX
2016,The Pretenders
2016,Alt-J
2016,Stormzy
2016,Wiley
2016,Liam Gallagher
2016,Kaiser Chiefs
2016,Wild Beasts
2016,British Sea Power
2016,Whitney
2016,Gabrielle Aplin
2016,Boy Better Know
2016,Emeli Sandé
2016,The Courteeners
2016,HAIM
2016,Kodaline
2016,Rag'n'Bone Man
2016,Dropkick Murphys
2016,Deaf Havana
2016,Slaves
2016,Dizzee Rascal
2016,Anderson Paak& The Free Nationals
2016,Little Dragon
2016,Kae Tempest
2016,Pat Thomas& The Kwashibu Area Band
2016,Ata Kak
2016,Henry Wupresents TheKamaal Williams Ensemble
2016,Hot 8 Brass Band
2016,The Jacksons
2016,Solange
2016,The Avalanches
2016,Toots & The Maytals
2016,Badbadnotgood
2016,Thundercat
2016,Afriquoi
2016,Khruangbin
2016,Justice
2016,Moderat
2016,The Cinematic Orchestra
2016,Shaggy
2016,Oumou Sangaré
2016,Yorkston/Thorne/Khan
2016,Ryley Walker
2016,House Gospel Choir
2016,Annie Mac
2016,Clean Bandit
2016,Future Islands
2016,Ride
2016,Declan McKenna
2016,The Lemon Twigs
2016,Dua Lipa
2016,Black Honey
2016,Rews
2016,Dam
2016,Phoenix
2016,Father John Misty
2016,DJ Shadow
2016,Tove Lo
2016,Loyle Carner
2016,Cabbage
2016,The Amazons
2016,Inheaven
2016,Maggie Rogers
2016,Josh Barry
2016,Metronomy
2016,London Grammar
2016,Goldfrapp
2016,"The Killers(secret show, listed in programme as TBA)"
2016,Frank Carter and the Rattlesnakes
2016,King Gizzard and the Lizard Wizard
2016,Real Estate
2016,Sundara Karma
2016,October Drift
2016,The Flaming Lips
2016,Sleaford Mods
2016,Elbow(secret band originally billed as 'TBA')
2016,Angel Olsen
2016,Mark Lanegan
2016,Hamilton Leithauser
2016,Margo Price
2016,Bo Ningen
2016,Georgia
2016,Warpaint
2016,Joe Goddard
2016,Songhoy Blues
2016,Temples
2016,Nadia Rose
2016,Sigrid
2016,The Moonlandingz
2016,Amber Arcades
2016,Kelsey Lu
2016,Kano
2016,Sampha
2016,Nick Mulvey
2016,Lisa Hannigan
2016,Julia Jacklin
2016,All We Are
2016,Dr. Dog
2016,She Drew the Gun
2016,Avalonian Choir
2016,Stormzy[A]
2016,George Ezra
2016,Lauryn Hill
2016,Bastille[B]
2016,Sheryl Crow
2016,Tom Odell
2016,Björn Again
2016,The Killers[C]
2016,Liam Gallagher
2016,Janet Jackson
2016,Hozier
2016,Anne-Marie
2016,Carrie Underwood
2016,The Proclaimers
2016,The Cure
2016,Vampire Weekend
2016,Miley Cyrus[E]
2016,Kylie Minogue[D]
2016,Years & Years
2016,Mavis Staples
2016,Tame Impala
2016,Two Door Cinema Club
2016,The Charlatans
2016,The Lumineers
2016,Mac Demarco
2016,The Wombats
2016,MØ
2016,The Vaccines
2016,The Chemical Brothers
2016,Courteeners
2016,Sigrid
2016,Johnny Marr
2016,Lewis Capaldi
2016,Maggie Rogers
2016,Fantastic Negrito
2016,The Cat Empire
2016,Christine and the Queens
2016,Dave
2016,Billie Eilish
2016,Loyle Carner
2016,Bring Me the Horizon
2016,Babymetal
2016,Slaves
2016,Circa Waves
2016,SK Shlomo
2016,Jon Hopkins
2016,Jorja Smith
2016,Maribou State
2016,The Comet Is Coming
2016,BCUC
2016,Swindle
2016,Acid Mothers Temple
2016,The Mauskovic Dance Band
2016,Wu-Tang Clan
2016,Jungle
2016,Neneh Cherry
2016,Lizzo
2016,Slowthai
2016,Ezra Collective
2016,Grupo Magnetico
2016,The Turbans (music group)
2016,Janelle Monáe
2016,Kamasi Washington
2016,Roy Ayers
2016,Fatoumata Diawara
2016,This Is the Kit
2016,Jeff Goldblum
2016,Hollie Cook
2016,KOKOROKO
2016,Interpol
2016,Pale Waves
2016,Aurora
2016,Rosalía
2016,Pond
2016,Goat Girl
2016,Mahalia
2016,Pip Blom
2016,Sean Paul
2016,Bugzy Malone
2016,Sharon Van Etten
2016,Low
2016,Freya Ridings
2016,Shura
2016,Gerry Cinnamon
2016,She Drew the Gun
2016,Swimming Girls
2016,The Streets
2016,Friendly Fires
2016,Stefflon Don
2016,Tom Walker
2016,Dermot Kennedy
2016,Octavian
2016,Alma
2016,Eyre Llew
2016,Cat Power
2016,Michael Kiwanuka
2016,Idles
2016,SOAK
2016,King Princess
2016,Lukas Nelson & Promise of the Real
2016,Georgia
2016,Steam Down
2016,Lankum
2016,Hot Chip
2016,Kae Tempest
2016,Kurt Vileand theViolators
2016,Foals(Originally billed as TBA)
2016,Sons of Kemet
2016,Love Unlimited Orchestra
2016,Mattiel
2016,Ama Lou
2016,Vampire Weekend(Originally billed as TBA)
2016,Rex Orange County
2016,Little Simz
2016,"The Good, the Bad & the Queen"
2016,Fat White Family
2016,Palace
2016,Koffee
2016,Jessie Buckley
2016,Black Peaches
2016,"Glastonbury in the 90s, narrated bySkinfromSkunk Anansie"
2016,Radiohead(1997)
2016,R.E.M.(1999)
2016,Glastonbury in the 21st Century – performances since 2000
2016,Kylie Minogue(2019)
2016,Arctic Monkeys(2013)
2016,"Glastonbury Legends – includingPaul McCartney,Paul Simon,Kylie Minogue, andMadness"
2016,Live at Worthy Farm: Backstage – narrated byJo Whiley
2016,"Live at Worthy Farm – highlights from the 2021 live-stream includingColdplay,HAIM, andDamon Albarn"
2016,Al Green(1999)
2016,"Best of Glastonbury 1998 – includingPrimal Scream,James,Foo Fighters,The Lightning Seeds,Blur,Robbie Williams"
2016,"Best of Glastonbury 1999 – including R.E.M.,The Beautiful South,Blondie, andBarenaked Ladies"
2016,"Best of Glastonbury 2003 – includingManic Street Preachers, R.E.M.,Radiohead,Macy Gray, and theSugababes"
2016,Iggy PopandThe Stooges(2007)
2016,"Glastonbury 2017 – includingRadiohead,Foo Fighters, andEd Sheeran; hosted byJo WhileyandMark Radcliffe"
2016,Fela Kuti(1984)
2016,Billie Eilish
2016,Sam Fender
2016,Robert Plant&Alison Krauss
2016,Wolf Alice
2016,Crowded House
2016,Rufus Wainwright
2016,Ziggy Marley
2016,Paul McCartney
2016,Noel Gallagher's High Flying Birds
2016,Haim
2016,Greta Thunberg
2016,AJ Tracey
2016,Easy Life
2016,Joy Crookes
2016,Les Amazones D'Afrique
2016,Kendrick Lamar
2016,Lorde
2016,Elbow
2016,Diana Ross
2016,Herbie Hancock
2016,Dakhabrakha
2016,Black Dyke Band
2016,Foals
2016,St. Vincent
2016,Idles
2016,Supergrass
2016,First Aid Kit
2016,Blossoms
2016,Kae Tempest
2016,The Libertines
2016,Megan Thee Stallion
2016,Burna Boy
2016,Olivia Rodrigo
2016,Glass Animals
2016,Metronomy
2016,Skunk Ananise
2016,Tems
2016,Hak Baker
2016,Pet Shop Boys
2016,Years & Years
2016,Kacey Musgraves
2016,Fontaines DC
2016,Declan McKenna
2016,Lianne La Havas
2016,Sea Girls
2016,Kojey Radical
2016,Little Simz
2016,Bonobo
2016,Seun Kuti& Egypt 80
2016,TLC
2016,Sleaford Mods
2016,Greentea Peng
2016,Arooj Aftab
2016,Nubiyan Twist
2016,Roisin Murphy
2016,Caribou
2016,Leon Bridges
2016,Celeste
2016,Yves Tumor
2016,Black Midi
2016,Brass Against
2016,Kikagaku Moyo
2016,Bicep
2016,Angelique Kidjo
2016,Koffee
2016,Snarky Puppy
2016,Nubya Garcia
2016,Nightmares On Wax
2016,Emma-Jean Thackray
2016,Ishmael Ensemble
2016,Primal Scream
2016,The Jesus and Mary Chain
2016,Phoebe Bridgers
2016,Sigrid
2016,Girl In Red
2016,Inhaler
2016,Griff
2016,Bad Boy Chiller Crew
2016,English Teacher
2016,Jamie T
2016,Yungblud
2016,Ghetts
2016,Pa Salieu
2016,Beabadoobee
2016,Self Esteem
2016,Holly Humberstone
2016,Enny
2016,Go_A
2016,Charli XCX
2016,Little Dragon
2016,Turnstile
2016,Amyl and the Sniffers
2016,Clairo
2016,George Ezra(billed as TBA)
2016,Sports Team
2016,Just Mustard
2016,Four Tet
2016,Khruangbin
2016,Saint Etienne
2016,Arlo Parks
2016,Dry Cleaning
2016,Confidence Man
2016,Wet Leg
2016,Orlando Weeks
2016,Matilda Mann
2016,Jessie Ware
2016,Mitski
2016,The Avalanches
2016,Big Thief
2016,Squid
2016,Sampa The Great
2016,Gabriels
2016,Katy J Pearson
2016,Yasmin Williams
2016,Courtney Barnett
2016,Jarv Is...
2016,Jack White(billed as TBA)
2016,Caroline Polachek
2016,Cate Le Bon
2016,Warmduscher
2016,Big Joanie
2016,Deep Throat Choir
2016,Arctic Monkeys
2016,Royal Blood
2016,"Foo Fighters(billed as ""The Churnups"")[30]"
2016,Texas
2016,Stefflon Don
2016,Maisie Peters
2016,The Master Musicians of Joujouka
2016,Guns N' Roses
2016,Lizzo
2016,Lewis Capaldi
2016,Aitch
2016,Amadou & Mariam
2016,Raye
2016,Rick Astley
2016,Elton John
2016,Lil Nas X
2016,Blondie
2016,Yusuf / Cat Stevens
2016,The Chicks
2016,Sophie Ellis-Bextor
2016,Bristol Reggae Orchestra andWindrush Choir[31]
2016,Wizkid
2016,Fred Again..
2016,Chvrches
2016,Krept and Konan
2016,Carly Rae Jepsen
2016,The Lightning Seeds
2016,The Hives
2016,Ben Howard
2016,Lana Del Rey
2016,Central Cee
2016,Manic Street Preachers
2016,Maggie Rogers
2016,Generation Sex
2016,Tom Grennan
2016,The Lathums
2016,The Unthanks
2016,Queens of the Stone Age
2016,The War on Drugs
2016,Becky Hill
2016,Dermot Kennedy
2016,The Teskey Brothers
2016,Nova Twins
2016,Japanese Breakfast
2016,The Joy
2016,Kelis
2016,Young Fathers
2016,Joey Bada$$
2016,Gabriels
2016,Louis Cole
2016,ADG7
2016,Yaya Bey
2016,Star Feminine Band
2016,Loyle Carner
2016,Mahalia
2016,Ezra Collective
2016,Jacob Collier
2016,Third World
2016,Sudan Archives
2016,Kanda Bongo Man
2016,Say She She
2016,Rudimental
2016,Candi Staton
2016,Barrington Levy
2016,The Hu
2016,Speakers Corner Quartet
2016,"Black Country, New Road"
2016,Beth Orton
2016,Skinny Pelembe
2016,Hot Chip
2016,Warpaint
2016,Hozier(billed as TBA)
2016,Courteeners
2016,Pale Waves
2016,Digga D
2016,Flo
2016,Bru-C
2016,The Sixsters
2016,Christine & The Queens
2016,Rina Sawayama
2016,Maneskin
2016,Rick Astley&BlossomsperformThe Smiths(billed as TBA)
2016,Shame
2016,The Murder Capital
2016,Working Men's Club
2016,Wunderhorse
2016,The Last Dinner Party
2016,Phoenix
2016,Caroline Polachek
2016,Editors
2016,Slowdive
2016,Cat Burns
2016,The Big Moon
2016,CMAT
2016,The Love Buzz
2016,Fever Ray
2016,Sparks
2016,Shygirl
2016,The Comet Is Coming
2016,Unknown Mortal Orchestra
2016,Billy Nomates
2016,Los Bitchos
2016,Alabaster DePlume
2016,Adwaith
2016,Fatboy Slim
2016,Leftfield
2016,The Pretenders
2016,Tinariwen
2016,Obongjayar
2016,Jockstrap
2016,Flohio
2016,James Ellis Ford
2016,Max Richter
2016,alt-J
2016,Thundercat
2016,Alison Goldfrapp
2016,Viagra Boys
2016,Weyes Blood
2016,Charlotte Adigery&Bolis Pupul
2016,Gwenno
2016,John Francis Flynn
2016,Dua Lipa
2016,LCD Soundsystem
2016,PJ Harvey
2016,Paul Heaton
2016,Seventeen
2016,Olivia Dean
2016,Squeeze
2016,Coldplay
2016,Little Simz
2016,Michael Kiwanuka
2016,Keane
2016,Cyndi Lauper
2016,Ayra Starr
2016,Femi Kuti
2016,SZA
2016,Burna Boy
2016,Janelle Monae
2016,Shania Twain
2016,Paloma Faith
2016,Seasick Steve
2016,Interlinked byBirmingham Royal Ballet
2016,Idles
2016,D-Block Europe
2016,Anne Marie
2016,Bombay Bicycle Club
2016,Confidence Man
2016,Headie One
2016,The Snuts
2016,Annie Mac
2016,Disclosure
2016,The Streets
2016,Camilla Cabello
2016,Bloc Party
2016,The Last Dinner Party
2016,Tems
2016,The Staves
2016,Jamie Webster
2016,The National
2016,Two Door Cinema Club
2016,Avril Lavigne
2016,Nothing But Thieves
2016,James
2016,Soft Play
2016,Rachel Chinouriri
2016,The Zutons
2016,Jungle
2016,Heilung
2016,Danny Brown
2016,Sugababes
2016,Noname
2016,Squid
2016,Asha Puthli
2016,Sofia Kourtesis
2016,Jessie Ware
2016,Masego
2016,Black Pumas
2016,Nitin Sawhney
2016,Corrine Bailey Rae
2016,Alogte Oho & His Sounds of Joy
2016,The Skatalites
2016,47SOUL
2016,Justice
2016,Nia Archives
2016,Brittany Howard
2016,Jordan Rakei
2016,Steel Pulse
2016,Balming Tiger
2016,Jalen Ngonda
2016,Matthew Halsall
2016,Jamie XX
2016,Sampha
2016,Declan McKenna
2016,Arlo Parks
2016,The Vaccines
2016,Kenya Grace
2016,Remi Wolf
2016,Lambrini Girls
2016,Voice of Braceprot
2016,Gossip
2016,Sleaford Mods
2016,Yard Act
2016,Kasabian(billed as TBA)
2016,Fat White Family
2016,Soccer Mommy
2016,Mannequin Pussy
2016,High Vis
2016,Kneecap
2016,James Blake
2016,Romy
2016,Kim Gordon
2016,Alvvays
2016,Blondshell
2016,NewDad
2016,The K's
2016,Jayhadadream (ETC Competition Winner)
2016,Fontaines D.C.
2016,King Krule
2016,Aurora
2016,Dexys
2016,This Is The Kit
2016,The Mary Wallopers
2016,Barry Can't Swim
2016,Moonchild Sanelly
2016,Lynks
2016,Peggy Gou
2016,Orbital
2016,The Breeders
2016,Lankum
2016,Arooj Aftab
2016,Otoboke Beaver
2016,Bar Italia
2016,Kara Jackson
2016,Johnny Flynn
2016,London Grammar
2016,Ghetts
2016,Mount Kimbie
2016,Baxter Dury
2016,Mdou Moctar
2016,Psychedelic Porn Crumpets
2016,Lime Garden
2016,Problem Patterns
2016,The 1975
2016,Biffy Clyro
2016,Alanis Morissette
2016,Lewis Capaldi(billed as TBA)
2016,Burning Spear
2016,CMAT
2016,Supergrass
2016,Neil Young and the Chrome Hearts
2016,Raye
2016,"Pulp(billed as ""Patchwork"")"
2016,John Fogerty
2016,The Script
2016,Brandi Carlile
2016,Kaiser Chiefs
2016,Olivia Rodrigo
2016,Noah Kahan
2016,Nile Rodgers&Chic
2016,Rod Stewart
2016,The Libertines
2016,Celeste
2016,The Selecter
2016,Loyle Carner
2016,Busta Rhymes
2016,Gracie Abrams
2016,Franz Ferdinand
2016,Wet Leg
2016,Inhaler
2016,Rizzle Kicks
2016,Fabio&Grooveriderand the Outlook Orchestra
2016,Charli XCX
2016,Skepta(replacingDeftoneswho cancelled last minute due to illness[34])
2016,Ezra Collective
2016,Amyl & The Sniffers
2016,Weezer
2016,Beabadoobee
2016,Good Neighbours
2016,Alessi Rose
2016,The Prodigy
2016,Wolf Alice
2016,Snow Patrol
2016,Turnstile
2016,Joy Crookes
2016,Shaboozey
2016,Nadine Shah
2016,Louis Dunford
2016,Maribou State
2016,Badbadnotgood
2016,Denzel Curry
2016,En Vogue
2016,Vieux Farka Toure
2016,Glass Beams
2016,Ca7riel & Paco Amoroso
2016,corto.alto
2016,Doechii
2016,Amaarae
2016,Greentea Peng
2016,Yussef Dayes
2016,Kneecap
2016,Bob Vylan
2016,Nilüfer Yanya
2016,Infinity Song
2016,Overmono
2016,Parcels
2016,The Brian Jonestown Massacre
2016,GOAT
2016,Black Uhuru
2016,Cymande
2016,Abel Selaocoeand the Bantu Ensemble
2016,Thandii
2016,Four Tet
2016,Floating Points
2016,PinkPantheress
2016,Blossoms
2016,Lola Young
2016,Shed Seven
2016,Fat Dog
2016,Myles Smith
2016,Lorde(billed as TBA)
2016,Scissor Sisters
2016,Tom Odell
2016,Father John Misty
2016,TV On The Radio
2016,Nova Twins
2016,JADE
2016,Fcukers
2016,Sorry
2016,The Amazons
2016,Jorja Smith
2016,AJ Tracey
2016,St. Vincent
2016,"Black Country, New Road"
2016,Djo
2016,Sprints
2016,Gurriers
2016,Westside Cowboy (ETC Competition Winner)
2016,Anohni and the Johnsons
2016,Self Esteem
2016,Wunderhorse
2016,Osees
2016,English Teacher
2016,Faye Webster
2016,Jalen Ngonda
2016,John Glacier
2016,Horsegirl
2016,Caribou
2016,Beth Gibbons
2016,Haim(billed as TBA)
2016,Gary Numan
2016,Pa Salieu
2016,Lucy Dacus
2016,Japanese Breakfast
2016,Ichiko Aoba
2016,Yann Tiersen
2016,The Maccabees
2016,Future Islands
2016,Kae Tempest
2016,Girl In Red
2016,Royel Otis
2016,Katy J Pearson
2016,Geordie Greep
2016,Melin Melyn
2016,Glastonbury 2008 previewat UKEvents.net
2016,eFestivals.com Glastonbury 2008 lineup rumours
2016,The Archive: a history of UK rock festivals
2017,Radiohead
2017,The xx
2017,Royal Blood
2017,Kris Kristofferson
2017,First Aid Kit
2017,Blossoms
2017,Paul Carrack
2017,"Hacienda Classical –Graeme Park,Mike Pickering&Manchester Camerata Orchestra+ special guests"
2017,Foo Fighters
2017,The National
2017,Katy Perry
2017,Run The Jewels
2017,Craig David
2017,Jools Holland & His Rhythm & Blues Orchestra
2017,Vieux Farka Touré
2017,The Bootleg Beatleswith The Pepperland Sinfonia
2017,Ed Sheeran
2017,Biffy Clyro
2017,Chic
2017,Barry Gibb
2017,Laura Marling
2017,Jamie Cullum
2017,Orchestra Baobab
2017,Black Dyke Band
2017,Major Lazer
2017,Lorde
2017,George Ezra
2017,Halsey
2017,Glass Animals
2017,Circa Waves
2017,Nothing But Thieves
2017,Charli XCX
2017,The Pretenders
2017,Alt-J
2017,Stormzy
2017,Wiley
2017,Liam Gallagher
2017,Kaiser Chiefs
2017,Wild Beasts
2017,British Sea Power
2017,Whitney
2017,Gabrielle Aplin
2017,Boy Better Know
2017,Emeli Sandé
2017,The Courteeners
2017,HAIM
2017,Kodaline
2017,Rag'n'Bone Man
2017,Dropkick Murphys
2017,Deaf Havana
2017,Slaves
2017,Dizzee Rascal
2017,Anderson Paak& The Free Nationals
2017,Little Dragon
2017,Kae Tempest
2017,Pat Thomas& The Kwashibu Area Band
2017,Ata Kak
2017,Henry Wupresents TheKamaal Williams Ensemble
2017,Hot 8 Brass Band
2017,The Jacksons
2017,Solange
2017,The Avalanches
2017,Toots & The Maytals
2017,Badbadnotgood
2017,Thundercat
2017,Afriquoi
2017,Khruangbin
2017,Justice
2017,Moderat
2017,The Cinematic Orchestra
2017,Shaggy
2017,Oumou Sangaré
2017,Yorkston/Thorne/Khan
2017,Ryley Walker
2017,House Gospel Choir
2017,Annie Mac
2017,Clean Bandit
2017,Future Islands
2017,Ride
2017,Declan McKenna
2017,The Lemon Twigs
2017,Dua Lipa
2017,Black Honey
2017,Rews
2017,Dam
2017,Phoenix
2017,Father John Misty
2017,DJ Shadow
2017,Tove Lo
2017,Loyle Carner
2017,Cabbage
2017,The Amazons
2017,Inheaven
2017,Maggie Rogers
2017,Josh Barry
2017,Metronomy
2017,London Grammar
2017,Goldfrapp
2017,"The Killers(secret show, listed in programme as TBA)"
2017,Frank Carter and the Rattlesnakes
2017,King Gizzard and the Lizard Wizard
2017,Real Estate
2017,Sundara Karma
2017,October Drift
2017,The Flaming Lips
2017,Sleaford Mods
2017,Elbow(secret band originally billed as 'TBA')
2017,Angel Olsen
2017,Mark Lanegan
2017,Hamilton Leithauser
2017,Margo Price
2017,Bo Ningen
2017,Georgia
2017,Warpaint
2017,Joe Goddard
2017,Songhoy Blues
2017,Temples
2017,Nadia Rose
2017,Sigrid
2017,The Moonlandingz
2017,Amber Arcades
2017,Kelsey Lu
2017,Kano
2017,Sampha
2017,Nick Mulvey
2017,Lisa Hannigan
2017,Julia Jacklin
2017,All We Are
2017,Dr. Dog
2017,She Drew the Gun
2017,Avalonian Choir
2017,Stormzy[A]
2017,George Ezra
2017,Lauryn Hill
2017,Bastille[B]
2017,Sheryl Crow
2017,Tom Odell
2017,Björn Again
2017,The Killers[C]
2017,Liam Gallagher
2017,Janet Jackson
2017,Hozier
2017,Anne-Marie
2017,Carrie Underwood
2017,The Proclaimers
2017,The Cure
2017,Vampire Weekend
2017,Miley Cyrus[E]
2017,Kylie Minogue[D]
2017,Years & Years
2017,Mavis Staples
2017,Tame Impala
2017,Two Door Cinema Club
2017,The Charlatans
2017,The Lumineers
2017,Mac Demarco
2017,The Wombats
2017,MØ
2017,The Vaccines
2017,The Chemical Brothers
2017,Courteeners
2017,Sigrid
2017,Johnny Marr
2017,Lewis Capaldi
2017,Maggie Rogers
2017,Fantastic Negrito
2017,The Cat Empire
2017,Christine and the Queens
2017,Dave
2017,Billie Eilish
2017,Loyle Carner
2017,Bring Me the Horizon
2017,Babymetal
2017,Slaves
2017,Circa Waves
2017,SK Shlomo
2017,Jon Hopkins
2017,Jorja Smith
2017,Maribou State
2017,The Comet Is Coming
2017,BCUC
2017,Swindle
2017,Acid Mothers Temple
2017,The Mauskovic Dance Band
2017,Wu-Tang Clan
2017,Jungle
2017,Neneh Cherry
2017,Lizzo
2017,Slowthai
2017,Ezra Collective
2017,Grupo Magnetico
2017,The Turbans (music group)
2017,Janelle Monáe
2017,Kamasi Washington
2017,Roy Ayers
2017,Fatoumata Diawara
2017,This Is the Kit
2017,Jeff Goldblum
2017,Hollie Cook
2017,KOKOROKO
2017,Interpol
2017,Pale Waves
2017,Aurora
2017,Rosalía
2017,Pond
2017,Goat Girl
2017,Mahalia
2017,Pip Blom
2017,Sean Paul
2017,Bugzy Malone
2017,Sharon Van Etten
2017,Low
2017,Freya Ridings
2017,Shura
2017,Gerry Cinnamon
2017,She Drew the Gun
2017,Swimming Girls
2017,The Streets
2017,Friendly Fires
2017,Stefflon Don
2017,Tom Walker
2017,Dermot Kennedy
2017,Octavian
2017,Alma
2017,Eyre Llew
2017,Cat Power
2017,Michael Kiwanuka
2017,Idles
2017,SOAK
2017,King Princess
2017,Lukas Nelson & Promise of the Real
2017,Georgia
2017,Steam Down
2017,Lankum
2017,Hot Chip
2017,Kae Tempest
2017,Kurt Vileand theViolators
2017,Foals(Originally billed as TBA)
2017,Sons of Kemet
2017,Love Unlimited Orchestra
2017,Mattiel
2017,Ama Lou
2017,Vampire Weekend(Originally billed as TBA)
2017,Rex Orange County
2017,Little Simz
2017,"The Good, the Bad & the Queen"
2017,Fat White Family
2017,Palace
2017,Koffee
2017,Jessie Buckley
2017,Black Peaches
2017,"Glastonbury in the 90s, narrated bySkinfromSkunk Anansie"
2017,Radiohead(1997)
2017,R.E.M.(1999)
2017,Glastonbury in the 21st Century – performances since 2000
2017,Kylie Minogue(2019)
2017,Arctic Monkeys(2013)
2017,"Glastonbury Legends – includingPaul McCartney,Paul Simon,Kylie Minogue, andMadness"
2017,Live at Worthy Farm: Backstage – narrated byJo Whiley
2017,"Live at Worthy Farm – highlights from the 2021 live-stream includingColdplay,HAIM, andDamon Albarn"
2017,Al Green(1999)
2017,"Best of Glastonbury 1998 – includingPrimal Scream,James,Foo Fighters,The Lightning Seeds,Blur,Robbie Williams"
2017,"Best of Glastonbury 1999 – including R.E.M.,The Beautiful South,Blondie, andBarenaked Ladies"
2017,"Best of Glastonbury 2003 – includingManic Street Preachers, R.E.M.,Radiohead,Macy Gray, and theSugababes"
2017,Iggy PopandThe Stooges(2007)
2017,"Glastonbury 2017 – includingRadiohead,Foo Fighters, andEd Sheeran; hosted byJo WhileyandMark Radcliffe"
2017,Fela Kuti(1984)
2017,Billie Eilish
2017,Sam Fender
2017,Robert Plant&Alison Krauss
2017,Wolf Alice
2017,Crowded House
2017,Rufus Wainwright
2017,Ziggy Marley
2017,Paul McCartney
2017,Noel Gallagher's High Flying Birds
2017,Haim
2017,Greta Thunberg
2017,AJ Tracey
2017,Easy Life
2017,Joy Crookes
2017,Les Amazones D'Afrique
2017,Kendrick Lamar
2017,Lorde
2017,Elbow
2017,Diana Ross
2017,Herbie Hancock
2017,Dakhabrakha
2017,Black Dyke Band
2017,Foals
2017,St. Vincent
2017,Idles
2017,Supergrass
2017,First Aid Kit
2017,Blossoms
2017,Kae Tempest
2017,The Libertines
2017,Megan Thee Stallion
2017,Burna Boy
2017,Olivia Rodrigo
2017,Glass Animals
2017,Metronomy
2017,Skunk Ananise
2017,Tems
2017,Hak Baker
2017,Pet Shop Boys
2017,Years & Years
2017,Kacey Musgraves
2017,Fontaines DC
2017,Declan McKenna
2017,Lianne La Havas
2017,Sea Girls
2017,Kojey Radical
2017,Little Simz
2017,Bonobo
2017,Seun Kuti& Egypt 80
2017,TLC
2017,Sleaford Mods
2017,Greentea Peng
2017,Arooj Aftab
2017,Nubiyan Twist
2017,Roisin Murphy
2017,Caribou
2017,Leon Bridges
2017,Celeste
2017,Yves Tumor
2017,Black Midi
2017,Brass Against
2017,Kikagaku Moyo
2017,Bicep
2017,Angelique Kidjo
2017,Koffee
2017,Snarky Puppy
2017,Nubya Garcia
2017,Nightmares On Wax
2017,Emma-Jean Thackray
2017,Ishmael Ensemble
2017,Primal Scream
2017,The Jesus and Mary Chain
2017,Phoebe Bridgers
2017,Sigrid
2017,Girl In Red
2017,Inhaler
2017,Griff
2017,Bad Boy Chiller Crew
2017,English Teacher
2017,Jamie T
2017,Yungblud
2017,Ghetts
2017,Pa Salieu
2017,Beabadoobee
2017,Self Esteem
2017,Holly Humberstone
2017,Enny
2017,Go_A
2017,Charli XCX
2017,Little Dragon
2017,Turnstile
2017,Amyl and the Sniffers
2017,Clairo
2017,George Ezra(billed as TBA)
2017,Sports Team
2017,Just Mustard
2017,Four Tet
2017,Khruangbin
2017,Saint Etienne
2017,Arlo Parks
2017,Dry Cleaning
2017,Confidence Man
2017,Wet Leg
2017,Orlando Weeks
2017,Matilda Mann
2017,Jessie Ware
2017,Mitski
2017,The Avalanches
2017,Big Thief
2017,Squid
2017,Sampa The Great
2017,Gabriels
2017,Katy J Pearson
2017,Yasmin Williams
2017,Courtney Barnett
2017,Jarv Is...
2017,Jack White(billed as TBA)
2017,Caroline Polachek
2017,Cate Le Bon
2017,Warmduscher
2017,Big Joanie
2017,Deep Throat Choir
2017,Arctic Monkeys
2017,Royal Blood
2017,"Foo Fighters(billed as ""The Churnups"")[30]"
2017,Texas
2017,Stefflon Don
2017,Maisie Peters
2017,The Master Musicians of Joujouka
2017,Guns N' Roses
2017,Lizzo
2017,Lewis Capaldi
2017,Aitch
2017,Amadou & Mariam
2017,Raye
2017,Rick Astley
2017,Elton John
2017,Lil Nas X
2017,Blondie
2017,Yusuf / Cat Stevens
2017,The Chicks
2017,Sophie Ellis-Bextor
2017,Bristol Reggae Orchestra andWindrush Choir[31]
2017,Wizkid
2017,Fred Again..
2017,Chvrches
2017,Krept and Konan
2017,Carly Rae Jepsen
2017,The Lightning Seeds
2017,The Hives
2017,Ben Howard
2017,Lana Del Rey
2017,Central Cee
2017,Manic Street Preachers
2017,Maggie Rogers
2017,Generation Sex
2017,Tom Grennan
2017,The Lathums
2017,The Unthanks
2017,Queens of the Stone Age
2017,The War on Drugs
2017,Becky Hill
2017,Dermot Kennedy
2017,The Teskey Brothers
2017,Nova Twins
2017,Japanese Breakfast
2017,The Joy
2017,Kelis
2017,Young Fathers
2017,Joey Bada$$
2017,Gabriels
2017,Louis Cole
2017,ADG7
2017,Yaya Bey
2017,Star Feminine Band
2017,Loyle Carner
2017,Mahalia
2017,Ezra Collective
2017,Jacob Collier
2017,Third World
2017,Sudan Archives
2017,Kanda Bongo Man
2017,Say She She
2017,Rudimental
2017,Candi Staton
2017,Barrington Levy
2017,The Hu
2017,Speakers Corner Quartet
2017,"Black Country, New Road"
2017,Beth Orton
2017,Skinny Pelembe
2017,Hot Chip
2017,Warpaint
2017,Hozier(billed as TBA)
2017,Courteeners
2017,Pale Waves
2017,Digga D
2017,Flo
2017,Bru-C
2017,The Sixsters
2017,Christine & The Queens
2017,Rina Sawayama
2017,Maneskin
2017,Rick Astley&BlossomsperformThe Smiths(billed as TBA)
2017,Shame
2017,The Murder Capital
2017,Working Men's Club
2017,Wunderhorse
2017,The Last Dinner Party
2017,Phoenix
2017,Caroline Polachek
2017,Editors
2017,Slowdive
2017,Cat Burns
2017,The Big Moon
2017,CMAT
2017,The Love Buzz
2017,Fever Ray
2017,Sparks
2017,Shygirl
2017,The Comet Is Coming
2017,Unknown Mortal Orchestra
2017,Billy Nomates
2017,Los Bitchos
2017,Alabaster DePlume
2017,Adwaith
2017,Fatboy Slim
2017,Leftfield
2017,The Pretenders
2017,Tinariwen
2017,Obongjayar
2017,Jockstrap
2017,Flohio
2017,James Ellis Ford
2017,Max Richter
2017,alt-J
2017,Thundercat
2017,Alison Goldfrapp
2017,Viagra Boys
2017,Weyes Blood
2017,Charlotte Adigery&Bolis Pupul
2017,Gwenno
2017,John Francis Flynn
2017,Dua Lipa
2017,LCD Soundsystem
2017,PJ Harvey
2017,Paul Heaton
2017,Seventeen
2017,Olivia Dean
2017,Squeeze
2017,Coldplay
2017,Little Simz
2017,Michael Kiwanuka
2017,Keane
2017,Cyndi Lauper
2017,Ayra Starr
2017,Femi Kuti
2017,SZA
2017,Burna Boy
2017,Janelle Monae
2017,Shania Twain
2017,Paloma Faith
2017,Seasick Steve
2017,Interlinked byBirmingham Royal Ballet
2017,Idles
2017,D-Block Europe
2017,Anne Marie
2017,Bombay Bicycle Club
2017,Confidence Man
2017,Headie One
2017,The Snuts
2017,Annie Mac
2017,Disclosure
2017,The Streets
2017,Camilla Cabello
2017,Bloc Party
2017,The Last Dinner Party
2017,Tems
2017,The Staves
2017,Jamie Webster
2017,The National
2017,Two Door Cinema Club
2017,Avril Lavigne
2017,Nothing But Thieves
2017,James
2017,Soft Play
2017,Rachel Chinouriri
2017,The Zutons
2017,Jungle
2017,Heilung
2017,Danny Brown
2017,Sugababes
2017,Noname
2017,Squid
2017,Asha Puthli
2017,Sofia Kourtesis
2017,Jessie Ware
2017,Masego
2017,Black Pumas
2017,Nitin Sawhney
2017,Corrine Bailey Rae
2017,Alogte Oho & His Sounds of Joy
2017,The Skatalites
2017,47SOUL
2017,Justice
2017,Nia Archives
2017,Brittany Howard
2017,Jordan Rakei
2017,Steel Pulse
2017,Balming Tiger
2017,Jalen Ngonda
2017,Matthew Halsall
2017,Jamie XX
2017,Sampha
2017,Declan McKenna
2017,Arlo Parks
2017,The Vaccines
2017,Kenya Grace
2017,Remi Wolf
2017,Lambrini Girls
2017,Voice of Braceprot
2017,Gossip
2017,Sleaford Mods
2017,Yard Act
2017,Kasabian(billed as TBA)
2017,Fat White Family
2017,Soccer Mommy
2017,Mannequin Pussy
2017,High Vis
2017,Kneecap
2017,James Blake
2017,Romy
2017,Kim Gordon
2017,Alvvays
2017,Blondshell
2017,NewDad
2017,The K's
2017,Jayhadadream (ETC Competition Winner)
2017,Fontaines D.C.
2017,King Krule
2017,Aurora
2017,Dexys
2017,This Is The Kit
2017,The Mary Wallopers
2017,Barry Can't Swim
2017,Moonchild Sanelly
2017,Lynks
2017,Peggy Gou
2017,Orbital
2017,The Breeders
2017,Lankum
2017,Arooj Aftab
2017,Otoboke Beaver
2017,Bar Italia
2017,Kara Jackson
2017,Johnny Flynn
2017,London Grammar
2017,Ghetts
2017,Mount Kimbie
2017,Baxter Dury
2017,Mdou Moctar
2017,Psychedelic Porn Crumpets
2017,Lime Garden
2017,Problem Patterns
2017,The 1975
2017,Biffy Clyro
2017,Alanis Morissette
2017,Lewis Capaldi(billed as TBA)
2017,Burning Spear
2017,CMAT
2017,Supergrass
2017,Neil Young and the Chrome Hearts
2017,Raye
2017,"Pulp(billed as ""Patchwork"")"
2017,John Fogerty
2017,The Script
2017,Brandi Carlile
2017,Kaiser Chiefs
2017,Olivia Rodrigo
2017,Noah Kahan
2017,Nile Rodgers&Chic
2017,Rod Stewart
2017,The Libertines
2017,Celeste
2017,The Selecter
2017,Loyle Carner
2017,Busta Rhymes
2017,Gracie Abrams
2017,Franz Ferdinand
2017,Wet Leg
2017,Inhaler
2017,Rizzle Kicks
2017,Fabio&Grooveriderand the Outlook Orchestra
2017,Charli XCX
2017,Skepta(replacingDeftoneswho cancelled last minute due to illness[34])
2017,Ezra Collective
2017,Amyl & The Sniffers
2017,Weezer
2017,Beabadoobee
2017,Good Neighbours
2017,Alessi Rose
2017,The Prodigy
2017,Wolf Alice
2017,Snow Patrol
2017,Turnstile
2017,Joy Crookes
2017,Shaboozey
2017,Nadine Shah
2017,Louis Dunford
2017,Maribou State
2017,Badbadnotgood
2017,Denzel Curry
2017,En Vogue
2017,Vieux Farka Toure
2017,Glass Beams
2017,Ca7riel & Paco Amoroso
2017,corto.alto
2017,Doechii
2017,Amaarae
2017,Greentea Peng
2017,Yussef Dayes
2017,Kneecap
2017,Bob Vylan
2017,Nilüfer Yanya
2017,Infinity Song
2017,Overmono
2017,Parcels
2017,The Brian Jonestown Massacre
2017,GOAT
2017,Black Uhuru
2017,Cymande
2017,Abel Selaocoeand the Bantu Ensemble
2017,Thandii
2017,Four Tet
2017,Floating Points
2017,PinkPantheress
2017,Blossoms
2017,Lola Young
2017,Shed Seven
2017,Fat Dog
2017,Myles Smith
2017,Lorde(billed as TBA)
2017,Scissor Sisters
2017,Tom Odell
2017,Father John Misty
2017,TV On The Radio
2017,Nova Twins
2017,JADE
2017,Fcukers
2017,Sorry
2017,The Amazons
2017,Jorja Smith
2017,AJ Tracey
2017,St. Vincent
2017,"Black Country, New Road"
2017,Djo
2017,Sprints
2017,Gurriers
2017,Westside Cowboy (ETC Competition Winner)
2017,Anohni and the Johnsons
2017,Self Esteem
2017,Wunderhorse
2017,Osees
2017,English Teacher
2017,Faye Webster
2017,Jalen Ngonda
2017,John Glacier
2017,Horsegirl
2017,Caribou
2017,Beth Gibbons
2017,Haim(billed as TBA)
2017,Gary Numan
2017,Pa Salieu
2017,Lucy Dacus
2017,Japanese Breakfast
2017,Ichiko Aoba
2017,Yann Tiersen
2017,The Maccabees
2017,Future Islands
2017,Kae Tempest
2017,Girl In Red
2017,Royel Otis
2017,Katy J Pearson
2017,Geordie Greep
2017,Melin Melyn
2017,Glastonbury 2008 previewat UKEvents.net
2017,eFestivals.com Glastonbury 2008 lineup rumours
2017,The Archive: a history of UK rock festivals
2019,Stormzy[A]
2019,George Ezra
2019,Lauryn Hill
2019,Bastille[B]
2019,Sheryl Crow
2019,Tom Odell
2019,Björn Again
2019,The Killers[C]
2019,Liam Gallagher
2019,Janet Jackson
2019,Hozier
2019,Anne-Marie
2019,Carrie Underwood
2019,The Proclaimers
2019,The Cure
2019,Vampire Weekend
2019,Miley Cyrus[E]
2019,Kylie Minogue[D]
2019,Years & Years
2019,Mavis Staples
2019,Tame Impala
2019,Two Door Cinema Club
2019,The Charlatans
2019,The Lumineers
2019,Mac Demarco
2019,The Wombats
2019,MØ
2019,The Vaccines
2019,The Chemical Brothers
2019,Courteeners
2019,Sigrid
2019,Johnny Marr
2019,Lewis Capaldi
2019,Maggie Rogers
2019,Fantastic Negrito
2019,The Cat Empire
2019,Christine and the Queens
2019,Dave
2019,Billie Eilish
2019,Loyle Carner
2019,Bring Me the Horizon
2019,Babymetal
2019,Slaves
2019,Circa Waves
2019,SK Shlomo
2019,Jon Hopkins
2019,Jorja Smith
2019,Maribou State
2019,The Comet Is Coming
2019,BCUC
2019,Swindle
2019,Acid Mothers Temple
2019,The Mauskovic Dance Band
2019,Wu-Tang Clan
2019,Jungle
2019,Neneh Cherry
2019,Lizzo
2019,Slowthai
2019,Ezra Collective
2019,Grupo Magnetico
2019,The Turbans (music group)
2019,Janelle Monáe
2019,Kamasi Washington
2019,Roy Ayers
2019,Fatoumata Diawara
2019,This Is the Kit
2019,Jeff Goldblum
2019,Hollie Cook
2019,KOKOROKO
2019,Interpol
2019,Pale Waves
2019,Aurora
2019,Rosalía
2019,Pond
2019,Goat Girl
2019,Mahalia
2019,Pip Blom
2019,Sean Paul
2019,Bugzy Malone
2019,Sharon Van Etten
2019,Low
2019,Freya Ridings
2019,Shura
2019,Gerry Cinnamon
2019,She Drew the Gun
2019,Swimming Girls
2019,The Streets
2019,Friendly Fires
2019,Stefflon Don
2019,Tom Walker
2019,Dermot Kennedy
2019,Octavian
2019,Alma
2019,Eyre Llew
2019,Cat Power
2019,Michael Kiwanuka
2019,Idles
2019,SOAK
2019,King Princess
2019,Lukas Nelson & Promise of the Real
2019,Georgia
2019,Steam Down
2019,Lankum
2019,Hot Chip
2019,Kae Tempest
2019,Kurt Vileand theViolators
2019,Foals(Originally billed as TBA)
2019,Sons of Kemet
2019,Love Unlimited Orchestra
2019,Mattiel
2019,Ama Lou
2019,Vampire Weekend(Originally billed as TBA)
2019,Rex Orange County
2019,Little Simz
2019,"The Good, the Bad & the Queen"
2019,Fat White Family
2019,Palace
2019,Koffee
2019,Jessie Buckley
2019,Black Peaches
2019,"Glastonbury in the 90s, narrated bySkinfromSkunk Anansie"
2019,Radiohead(1997)
2019,R.E.M.(1999)
2019,Glastonbury in the 21st Century – performances since 2000
2019,Kylie Minogue(2019)
2019,Arctic Monkeys(2013)
2019,"Glastonbury Legends – includingPaul McCartney,Paul Simon,Kylie Minogue, andMadness"
2019,Live at Worthy Farm: Backstage – narrated byJo Whiley
2019,"Live at Worthy Farm – highlights from the 2021 live-stream includingColdplay,HAIM, andDamon Albarn"
2019,Al Green(1999)
2019,"Best of Glastonbury 1998 – includingPrimal Scream,James,Foo Fighters,The Lightning Seeds,Blur,Robbie Williams"
2019,"Best of Glastonbury 1999 – including R.E.M.,The Beautiful South,Blondie, andBarenaked Ladies"
2019,"Best of Glastonbury 2003 – includingManic Street Preachers, R.E.M.,Radiohead,Macy Gray, and theSugababes"
2019,Iggy PopandThe Stooges(2007)
2019,"Glastonbury 2017 – includingRadiohead,Foo Fighters, andEd Sheeran; hosted byJo WhileyandMark Radcliffe"
2019,Fela Kuti(1984)
2019,Billie Eilish
2019,Sam Fender
2019,Robert Plant&Alison Krauss
2019,Wolf Alice
2019,Crowded House
2019,Rufus Wainwright
2019,Ziggy Marley
2019,Paul McCartney
2019,Noel Gallagher's High Flying Birds
2019,Haim
2019,Greta Thunberg
2019,AJ Tracey
2019,Easy Life
2019,Joy Crookes
2019,Les Amazones D'Afrique
2019,Kendrick Lamar
2019,Lorde
2019,Elbow
2019,Diana Ross
2019,Herbie Hancock
2019,Dakhabrakha
2019,Black Dyke Band
2019,Foals
2019,St. Vincent
2019,Idles
2019,Supergrass
2019,First Aid Kit
2019,Blossoms
2019,Kae Tempest
2019,The Libertines
2019,Megan Thee Stallion
2019,Burna Boy
2019,Olivia Rodrigo
2019,Glass Animals
2019,Metronomy
2019,Skunk Ananise
2019,Tems
2019,Hak Baker
2019,Pet Shop Boys
2019,Years & Years
2019,Kacey Musgraves
2019,Fontaines DC
2019,Declan McKenna
2019,Lianne La Havas
2019,Sea Girls
2019,Kojey Radical
2019,Little Simz
2019,Bonobo
2019,Seun Kuti& Egypt 80
2019,TLC
2019,Sleaford Mods
2019,Greentea Peng
2019,Arooj Aftab
2019,Nubiyan Twist
2019,Roisin Murphy
2019,Caribou
2019,Leon Bridges
2019,Celeste
2019,Yves Tumor
2019,Black Midi
2019,Brass Against
2019,Kikagaku Moyo
2019,Bicep
2019,Angelique Kidjo
2019,Koffee
2019,Snarky Puppy
2019,Nubya Garcia
2019,Nightmares On Wax
2019,Emma-Jean Thackray
2019,Ishmael Ensemble
2019,Primal Scream
2019,The Jesus and Mary Chain
2019,Phoebe Bridgers
2019,Sigrid
2019,Girl In Red
2019,Inhaler
2019,Griff
2019,Bad Boy Chiller Crew
2019,English Teacher
2019,Jamie T
2019,Yungblud
2019,Ghetts
2019,Pa Salieu
2019,Beabadoobee
2019,Self Esteem
2019,Holly Humberstone
2019,Enny
2019,Go_A
2019,Charli XCX
2019,Little Dragon
2019,Turnstile
2019,Amyl and the Sniffers
2019,Clairo
2019,George Ezra(billed as TBA)
2019,Sports Team
2019,Just Mustard
2019,Four Tet
2019,Khruangbin
2019,Saint Etienne
2019,Arlo Parks
2019,Dry Cleaning
2019,Confidence Man
2019,Wet Leg
2019,Orlando Weeks
2019,Matilda Mann
2019,Jessie Ware
2019,Mitski
2019,The Avalanches
2019,Big Thief
2019,Squid
2019,Sampa The Great
2019,Gabriels
2019,Katy J Pearson
2019,Yasmin Williams
2019,Courtney Barnett
2019,Jarv Is...
2019,Jack White(billed as TBA)
2019,Caroline Polachek
2019,Cate Le Bon
2019,Warmduscher
2019,Big Joanie
2019,Deep Throat Choir
2019,Arctic Monkeys
2019,Royal Blood
2019,"Foo Fighters(billed as ""The Churnups"")[30]"
2019,Texas
2019,Stefflon Don
2019,Maisie Peters
2019,The Master Musicians of Joujouka
2019,Guns N' Roses
2019,Lizzo
2019,Lewis Capaldi
2019,Aitch
2019,Amadou & Mariam
2019,Raye
2019,Rick Astley
2019,Elton John
2019,Lil Nas X
2019,Blondie
2019,Yusuf / Cat Stevens
2019,The Chicks
2019,Sophie Ellis-Bextor
2019,Bristol Reggae Orchestra andWindrush Choir[31]
2019,Wizkid
2019,Fred Again..
2019,Chvrches
2019,Krept and Konan
2019,Carly Rae Jepsen
2019,The Lightning Seeds
2019,The Hives
2019,Ben Howard
2019,Lana Del Rey
2019,Central Cee
2019,Manic Street Preachers
2019,Maggie Rogers
2019,Generation Sex
2019,Tom Grennan
2019,The Lathums
2019,The Unthanks
2019,Queens of the Stone Age
2019,The War on Drugs
2019,Becky Hill
2019,Dermot Kennedy
2019,The Teskey Brothers
2019,Nova Twins
2019,Japanese Breakfast
2019,The Joy
2019,Kelis
2019,Young Fathers
2019,Joey Bada$$
2019,Gabriels
2019,Louis Cole
2019,ADG7
2019,Yaya Bey
2019,Star Feminine Band
2019,Loyle Carner
2019,Mahalia
2019,Ezra Collective
2019,Jacob Collier
2019,Third World
2019,Sudan Archives
2019,Kanda Bongo Man
2019,Say She She
2019,Rudimental
2019,Candi Staton
2019,Barrington Levy
2019,The Hu
2019,Speakers Corner Quartet
2019,"Black Country, New Road"
2019,Beth Orton
2019,Skinny Pelembe
2019,Hot Chip
2019,Warpaint
2019,Hozier(billed as TBA)
2019,Courteeners
2019,Pale Waves
2019,Digga D
2019,Flo
2019,Bru-C
2019,The Sixsters
2019,Christine & The Queens
2019,Rina Sawayama
2019,Maneskin
2019,Rick Astley&BlossomsperformThe Smiths(billed as TBA)
2019,Shame
2019,The Murder Capital
2019,Working Men's Club
2019,Wunderhorse
2019,The Last Dinner Party
2019,Phoenix
2019,Caroline Polachek
2019,Editors
2019,Slowdive
2019,Cat Burns
2019,The Big Moon
2019,CMAT
2019,The Love Buzz
2019,Fever Ray
2019,Sparks
2019,Shygirl
2019,The Comet Is Coming
2019,Unknown Mortal Orchestra
2019,Billy Nomates
2019,Los Bitchos
2019,Alabaster DePlume
2019,Adwaith
2019,Fatboy Slim
2019,Leftfield
2019,The Pretenders
2019,Tinariwen
2019,Obongjayar
2019,Jockstrap
2019,Flohio
2019,James Ellis Ford
2019,Max Richter
2019,alt-J
2019,Thundercat
2019,Alison Goldfrapp
2019,Viagra Boys
2019,Weyes Blood
2019,Charlotte Adigery&Bolis Pupul
2019,Gwenno
2019,John Francis Flynn
2019,Dua Lipa
2019,LCD Soundsystem
2019,PJ Harvey
2019,Paul Heaton
2019,Seventeen
2019,Olivia Dean
2019,Squeeze
2019,Coldplay
2019,Little Simz
2019,Michael Kiwanuka
2019,Keane
2019,Cyndi Lauper
2019,Ayra Starr
2019,Femi Kuti
2019,SZA
2019,Burna Boy
2019,Janelle Monae
2019,Shania Twain
2019,Paloma Faith
2019,Seasick Steve
2019,Interlinked byBirmingham Royal Ballet
2019,Idles
2019,D-Block Europe
2019,Anne Marie
2019,Bombay Bicycle Club
2019,Confidence Man
2019,Headie One
2019,The Snuts
2019,Annie Mac
2019,Disclosure
2019,The Streets
2019,Camilla Cabello
2019,Bloc Party
2019,The Last Dinner Party
2019,Tems
2019,The Staves
2019,Jamie Webster
2019,The National
2019,Two Door Cinema Club
2019,Avril Lavigne
2019,Nothing But Thieves
2019,James
2019,Soft Play
2019,Rachel Chinouriri
2019,The Zutons
2019,Jungle
2019,Heilung
2019,Danny Brown
2019,Sugababes
2019,Noname
2019,Squid
2019,Asha Puthli
2019,Sofia Kourtesis
2019,Jessie Ware
2019,Masego
2019,Black Pumas
2019,Nitin Sawhney
2019,Corrine Bailey Rae
2019,Alogte Oho & His Sounds of Joy
2019,The Skatalites
2019,47SOUL
2019,Justice
2019,Nia Archives
2019,Brittany Howard
2019,Jordan Rakei
2019,Steel Pulse
2019,Balming Tiger
2019,Jalen Ngonda
2019,Matthew Halsall
2019,Jamie XX
2019,Sampha
2019,Declan McKenna
2019,Arlo Parks
2019,The Vaccines
2019,Kenya Grace
2019,Remi Wolf
2019,Lambrini Girls
2019,Voice of Braceprot
2019,Gossip
2019,Sleaford Mods
2019,Yard Act
2019,Kasabian(billed as TBA)
2019,Fat White Family
2019,Soccer Mommy
2019,Mannequin Pussy
2019,High Vis
2019,Kneecap
2019,James Blake
2019,Romy
2019,Kim Gordon
2019,Alvvays
2019,Blondshell
2019,NewDad
2019,The K's
2019,Jayhadadream (ETC Competition Winner)
2019,Fontaines D.C.
2019,King Krule
2019,Aurora
2019,Dexys
2019,This Is The Kit
2019,The Mary Wallopers
2019,Barry Can't Swim
2019,Moonchild Sanelly
2019,Lynks
2019,Peggy Gou
2019,Orbital
2019,The Breeders
2019,Lankum
2019,Arooj Aftab
2019,Otoboke Beaver
2019,Bar Italia
2019,Kara Jackson
2019,Johnny Flynn
2019,London Grammar
2019,Ghetts
2019,Mount Kimbie
2019,Baxter Dury
2019,Mdou Moctar
2019,Psychedelic Porn Crumpets
2019,Lime Garden
2019,Problem Patterns
2019,The 1975
2019,Biffy Clyro
2019,Alanis Morissette
2019,Lewis Capaldi(billed as TBA)
2019,Burning Spear
2019,CMAT
2019,Supergrass
2019,Neil Young and the Chrome Hearts
2019,Raye
2019,"Pulp(billed as ""Patchwork"")"
2019,John Fogerty
2019,The Script
2019,Brandi Carlile
2019,Kaiser Chiefs
2019,Olivia Rodrigo
2019,Noah Kahan
2019,Nile Rodgers&Chic
2019,Rod Stewart
2019,The Libertines
2019,Celeste
2019,The Selecter
2019,Loyle Carner
2019,Busta Rhymes
2019,Gracie Abrams
2019,Franz Ferdinand
2019,Wet Leg
2019,Inhaler
2019,Rizzle Kicks
2019,Fabio&Grooveriderand the Outlook Orchestra
2019,Charli XCX
2019,Skepta(replacingDeftoneswho cancelled last minute due to illness[34])
2019,Ezra Collective
2019,Amyl & The Sniffers
2019,Weezer
2019,Beabadoobee
2019,Good Neighbours
2019,Alessi Rose
2019,The Prodigy
2019,Wolf Alice
2019,Snow Patrol
2019,Turnstile
2019,Joy Crookes
2019,Shaboozey
2019,Nadine Shah
2019,Louis Dunford
2019,Maribou State
2019,Badbadnotgood
2019,Denzel Curry
2019,En Vogue
2019,Vieux Farka Toure
2019,Glass Beams
2019,Ca7riel & Paco Amoroso
2019,corto.alto
2019,Doechii
2019,Amaarae
2019,Greentea Peng
2019,Yussef Dayes
2019,Kneecap
2019,Bob Vylan
2019,Nilüfer Yanya
2019,Infinity Song
2019,Overmono
2019,Parcels
2019,The Brian Jonestown Massacre
2019,GOAT
2019,Black Uhuru
2019,Cymande
2019,Abel Selaocoeand the Bantu Ensemble
2019,Thandii
2019,Four Tet
2019,Floating Points
2019,PinkPantheress
2019,Blossoms
2019,Lola Young
2019,Shed Seven
2019,Fat Dog
2019,Myles Smith
2019,Lorde(billed as TBA)
2019,Scissor Sisters
2019,Tom Odell
2019,Father John Misty
2019,TV On The Radio
2019,Nova Twins
2019,JADE
2019,Fcukers
2019,Sorry
2019,The Amazons
2019,Jorja Smith
2019,AJ Tracey
2019,St. Vincent
2019,"Black Country, New Road"
2019,Djo
2019,Sprints
2019,Gurriers
2019,Westside Cowboy (ETC Competition Winner)
2019,Anohni and the Johnsons
2019,Self Esteem
2019,Wunderhorse
2019,Osees
2019,English Teacher
2019,Faye Webster
2019,Jalen Ngonda
2019,John Glacier
2019,Horsegirl
2019,Caribou
2019,Beth Gibbons
2019,Haim(billed as TBA)
2019,Gary Numan
2019,Pa Salieu
2019,Lucy Dacus
2019,Japanese Breakfast
2019,Ichiko Aoba
2019,Yann Tiersen
2019,The Maccabees
2019,Future Islands
2019,Kae Tempest
2019,Girl In Red
2019,Royel Otis
2019,Katy J Pearson
2019,Geordie Greep
2019,Melin Melyn
2019,Glastonbury 2008 previewat UKEvents.net
2019,eFestivals.com Glastonbury 2008 lineup rumours
2019,The Archive: a history of UK rock festivals
2022,Billie Eilish
2022,Sam Fender
2022,Robert Plant&Alison Krauss
2022,Wolf Alice
2022,Crowded House
2022,Rufus Wainwright
2022,Ziggy Marley
2022,Paul McCartney
2022,Noel Gallagher's High Flying Birds
2022,Haim
2022,Greta Thunberg
2022,AJ Tracey
2022,Easy Life
2022,Joy Crookes
2022,Les Amazones D'Afrique
2022,Kendrick Lamar
2022,Lorde
2022,Elbow
2022,Diana Ross
2022,Herbie Hancock
2022,Dakhabrakha
2022,Black Dyke Band
2022,Foals
2022,St. Vincent
2022,Idles
2022,Supergrass
2022,First Aid Kit
2022,Blossoms
2022,Kae Tempest
2022,The Libertines
2022,Megan Thee Stallion
2022,Burna Boy
2022,Olivia Rodrigo
2022,Glass Animals
2022,Metronomy
2022,Skunk Ananise
2022,Tems
2022,Hak Baker
2022,Pet Shop Boys
2022,Years & Years
2022,Kacey Musgraves
2022,Fontaines DC
2022,Declan McKenna
2022,Lianne La Havas
2022,Sea Girls
2022,Kojey Radical
2022,Little Simz
2022,Bonobo
2022,Seun Kuti& Egypt 80
2022,TLC
2022,Sleaford Mods
2022,Greentea Peng
2022,Arooj Aftab
2022,Nubiyan Twist
2022,Roisin Murphy
2022,Caribou
2022,Leon Bridges
2022,Celeste
2022,Yves Tumor
2022,Black Midi
2022,Brass Against
2022,Kikagaku Moyo
2022,Bicep
2022,Angelique Kidjo
2022,Koffee
2022,Snarky Puppy
2022,Nubya Garcia
2022,Nightmares On Wax
2022,Emma-Jean Thackray
2022,Ishmael Ensemble
2022,Primal Scream
2022,The Jesus and Mary Chain
2022,Phoebe Bridgers
2022,Sigrid
2022,Girl In Red
2022,Inhaler
2022,Griff
2022,Bad Boy Chiller Crew
2022,English Teacher
2022,Jamie T
2022,Yungblud
2022,Ghetts
2022,Pa Salieu
2022,Beabadoobee
2022,Self Esteem
2022,Holly Humberstone
2022,Enny
2022,Go_A
2022,Charli XCX
2022,Little Dragon
2022,Turnstile
2022,Amyl and the Sniffers
2022,Clairo
2022,George Ezra(billed as TBA)
2022,Sports Team
2022,Just Mustard
2022,Four Tet
2022,Khruangbin
2022,Saint Etienne
2022,Arlo Parks
2022,Dry Cleaning
2022,Confidence Man
2022,Wet Leg
2022,Orlando Weeks
2022,Matilda Mann
2022,Jessie Ware
2022,Mitski
2022,The Avalanches
2022,Big Thief
2022,Squid
2022,Sampa The Great
2022,Gabriels
2022,Katy J Pearson
2022,Yasmin Williams
2022,Courtney Barnett
2022,Jarv Is...
2022,Jack White(billed as TBA)
2022,Caroline Polachek
2022,Cate Le Bon
2022,Warmduscher
2022,Big Joanie
2022,Deep Throat Choir
2022,Arctic Monkeys
2022,Royal Blood
2022,"Foo Fighters(billed as ""The Churnups"")[30]"
2022,Texas
2022,Stefflon Don
2022,Maisie Peters
2022,The Master Musicians of Joujouka
2022,Guns N' Roses
2022,Lizzo
2022,Lewis Capaldi
2022,Aitch
2022,Amadou & Mariam
2022,Raye
2022,Rick Astley
2022,Elton John
2022,Lil Nas X
2022,Blondie
2022,Yusuf / Cat Stevens
2022,The Chicks
2022,Sophie Ellis-Bextor
2022,Bristol Reggae Orchestra andWindrush Choir[31]
2022,Wizkid
2022,Fred Again..
2022,Chvrches
2022,Krept and Konan
2022,Carly Rae Jepsen
2022,The Lightning Seeds
2022,The Hives
2022,Ben Howard
2022,Lana Del Rey
2022,Central Cee
2022,Manic Street Preachers
2022,Maggie Rogers
2022,Generation Sex
2022,Tom Grennan
2022,The Lathums
2022,The Unthanks
2022,Queens of the Stone Age
2022,The War on Drugs
2022,Becky Hill
2022,Dermot Kennedy
2022,The Teskey Brothers
2022,Nova Twins
2022,Japanese Breakfast
2022,The Joy
2022,Kelis
2022,Young Fathers
2022,Joey Bada$$
2022,Gabriels
2022,Louis Cole
2022,ADG7
2022,Yaya Bey
2022,Star Feminine Band
2022,Loyle Carner
2022,Mahalia
2022,Ezra Collective
2022,Jacob Collier
2022,Third World
2022,Sudan Archives
2022,Kanda Bongo Man
2022,Say She She
2022,Rudimental
2022,Candi Staton
2022,Barrington Levy
2022,The Hu
2022,Speakers Corner Quartet
2022,"Black Country, New Road"
2022,Beth Orton
2022,Skinny Pelembe
2022,Hot Chip
2022,Warpaint
2022,Hozier(billed as TBA)
2022,Courteeners
2022,Pale Waves
2022,Digga D
2022,Flo
2022,Bru-C
2022,The Sixsters
2022,Christine & The Queens
2022,Rina Sawayama
2022,Maneskin
2022,Rick Astley&BlossomsperformThe Smiths(billed as TBA)
2022,Shame
2022,The Murder Capital
2022,Working Men's Club
2022,Wunderhorse
2022,The Last Dinner Party
2022,Phoenix
2022,Caroline Polachek
2022,Editors
2022,Slowdive
2022,Cat Burns
2022,The Big Moon
2022,CMAT
2022,The Love Buzz
2022,Fever Ray
2022,Sparks
2022,Shygirl
2022,The Comet Is Coming
2022,Unknown Mortal Orchestra
2022,Billy Nomates
2022,Los Bitchos
2022,Alabaster DePlume
2022,Adwaith
2022,Fatboy Slim
2022,Leftfield
2022,The Pretenders
2022,Tinariwen
2022,Obongjayar
2022,Jockstrap
2022,Flohio
2022,James Ellis Ford
2022,Max Richter
2022,alt-J
2022,Thundercat
2022,Alison Goldfrapp
2022,Viagra Boys
2022,Weyes Blood
2022,Charlotte Adigery&Bolis Pupul
2022,Gwenno
2022,John Francis Flynn
2022,Dua Lipa
2022,LCD Soundsystem
2022,PJ Harvey
2022,Paul Heaton
2022,Seventeen
2022,Olivia Dean
2022,Squeeze
2022,Coldplay
2022,Little Simz
2022,Michael Kiwanuka
2022,Keane
2022,Cyndi Lauper
2022,Ayra Starr
2022,Femi Kuti
2022,SZA
2022,Burna Boy
2022,Janelle Monae
2022,Shania Twain
2022,Paloma Faith
2022,Seasick Steve
2022,Interlinked byBirmingham Royal Ballet
2022,Idles
2022,D-Block Europe
2022,Anne Marie
2022,Bombay Bicycle Club
2022,Confidence Man
2022,Headie One
2022,The Snuts
2022,Annie Mac
2022,Disclosure
2022,The Streets
2022,Camilla Cabello
2022,Bloc Party
2022,The Last Dinner Party
2022,Tems
2022,The Staves
2022,Jamie Webster
2022,The National
2022,Two Door Cinema Club
2022,Avril Lavigne
2022,Nothing But Thieves
2022,James
2022,Soft Play
2022,Rachel Chinouriri
2022,The Zutons
2022,Jungle
2022,Heilung
2022,Danny Brown
2022,Sugababes
2022,Noname
2022,Squid
2022,Asha Puthli
2022,Sofia Kourtesis
2022,Jessie Ware
2022,Masego
2022,Black Pumas
2022,Nitin Sawhney
2022,Corrine Bailey Rae
2022,Alogte Oho & His Sounds of Joy
2022,The Skatalites
2022,47SOUL
2022,Justice
2022,Nia Archives
2022,Brittany Howard
2022,Jordan Rakei
2022,Steel Pulse
2022,Balming Tiger
2022,Jalen Ngonda
2022,Matthew Halsall
2022,Jamie XX
2022,Sampha
2022,Declan McKenna
2022,Arlo Parks
2022,The Vaccines
2022,Kenya Grace
2022,Remi Wolf
2022,Lambrini Girls
2022,Voice of Braceprot
2022,Gossip
2022,Sleaford Mods
2022,Yard Act
2022,Kasabian(billed as TBA)
2022,Fat White Family
2022,Soccer Mommy
2022,Mannequin Pussy
2022,High Vis
2022,Kneecap
2022,James Blake
2022,Romy
2022,Kim Gordon
2022,Alvvays
2022,Blondshell
2022,NewDad
2022,The K's
2022,Jayhadadream (ETC Competition Winner)
2022,Fontaines D.C.
2022,King Krule
2022,Aurora
2022,Dexys
2022,This Is The Kit
2022,The Mary Wallopers
2022,Barry Can't Swim
2022,Moonchild Sanelly
2022,Lynks
2022,Peggy Gou
2022,Orbital
2022,The Breeders
2022,Lankum
2022,Arooj Aftab
2022,Otoboke Beaver
2022,Bar Italia
2022,Kara Jackson
2022,Johnny Flynn
2022,London Grammar
2022,Ghetts
2022,Mount Kimbie
2022,Baxter Dury
2022,Mdou Moctar
2022,Psychedelic Porn Crumpets
2022,Lime Garden
2022,Problem Patterns
2022,The 1975
2022,Biffy Clyro
2022,Alanis Morissette
2022,Lewis Capaldi(billed as TBA)
2022,Burning Spear
2022,CMAT
2022,Supergrass
2022,Neil Young and the Chrome Hearts
2022,Raye
2022,"Pulp(billed as ""Patchwork"")"
2022,John Fogerty
2022,The Script
2022,Brandi Carlile
2022,Kaiser Chiefs
2022,Olivia Rodrigo
2022,Noah Kahan
2022,Nile Rodgers&Chic
2022,Rod Stewart
2022,The Libertines
2022,Celeste
2022,The Selecter
2022,Loyle Carner
2022,Busta Rhymes
2022,Gracie Abrams
2022,Franz Ferdinand
2022,Wet Leg
2022,Inhaler
2022,Rizzle Kicks
2022,Fabio&Grooveriderand the Outlook Orchestra
2022,Charli XCX
2022,Skepta(replacingDeftoneswho cancelled last minute due to illness[34])
2022,Ezra Collective
2022,Amyl & The Sniffers
2022,Weezer
2022,Beabadoobee
2022,Good Neighbours
2022,Alessi Rose
2022,The Prodigy
2022,Wolf Alice
2022,Snow Patrol
2022,Turnstile
2022,Joy Crookes
2022,Shaboozey
2022,Nadine Shah
2022,Louis Dunford
2022,Maribou State
2022,Badbadnotgood
2022,Denzel Curry
2022,En Vogue
2022,Vieux Farka Toure
2022,Glass Beams
2022,Ca7riel & Paco Amoroso
2022,corto.alto
2022,Doechii
2022,Amaarae
2022,Greentea Peng
2022,Yussef Dayes
2022,Kneecap
2022,Bob Vylan
2022,Nilüfer Yanya
2022,Infinity Song
2022,Overmono
2022,Parcels
2022,The Brian Jonestown Massacre
2022,GOAT
2022,Black Uhuru
2022,Cymande
2022,Abel Selaocoeand the Bantu Ensemble
2022,Thandii
2022,Four Tet
2022,Floating Points
2022,PinkPantheress
2022,Blossoms
2022,Lola Young
2022,Shed Seven
2022,Fat Dog
2022,Myles Smith
2022,Lorde(billed as TBA)
2022,Scissor Sisters
2022,Tom Odell
2022,Father John Misty
2022,TV On The Radio
2022,Nova Twins
2022,JADE
2022,Fcukers
2022,Sorry
2022,The Amazons
2022,Jorja Smith
2022,AJ Tracey
2022,St. Vincent
2022,"Black Country, New Road"
2022,Djo
2022,Sprints
2022,Gurriers
2022,Westside Cowboy (ETC Competition Winner)
2022,Anohni and the Johnsons
2022,Self Esteem
2022,Wunderhorse
2022,Osees
2022,English Teacher
2022,Faye Webster
2022,Jalen Ngonda
2022,John Glacier
2022,Horsegirl
2022,Caribou
2022,Beth Gibbons
2022,Haim(billed as TBA)
2022,Gary Numan
2022,Pa Salieu
2022,Lucy Dacus
2022,Japanese Breakfast
2022,Ichiko Aoba
2022,Yann Tiersen
2022,The Maccabees
2022,Future Islands
2022,Kae Tempest
2022,Girl In Red
2022,Royel Otis
2022,Katy J Pearson
2022,Geordie Greep
2022,Melin Melyn
2022,Glastonbury 2008 previewat UKEvents.net
2022,eFestivals.com Glastonbury 2008 lineup rumours
2022,The Archive: a history of UK rock festivals
2023,Arctic Monkeys
2023,Royal Blood
2023,"Foo Fighters(billed as ""The Churnups"")[30]"
2023,Texas
2023,Stefflon Don
2023,Maisie Peters
2023,The Master Musicians of Joujouka
2023,Guns N' Roses
2023,Lizzo
2023,Lewis Capaldi
2023,Aitch
2023,Amadou & Mariam
2023,Raye
2023,Rick Astley
2023,Elton John
2023,Lil Nas X
2023,Blondie
2023,Yusuf / Cat Stevens
2023,The Chicks
2023,Sophie Ellis-Bextor
2023,Bristol Reggae Orchestra andWindrush Choir[31]
2023,Wizkid
2023,Fred Again..
2023,Chvrches
2023,Krept and Konan
2023,Carly Rae Jepsen
2023,The Lightning Seeds
2023,The Hives
2023,Ben Howard
2023,Lana Del Rey
2023,Central Cee
2023,Manic Street Preachers
2023,Maggie Rogers
2023,Generation Sex
2023,Tom Grennan
2023,The Lathums
2023,The Unthanks
2023,Queens of the Stone Age
2023,The War on Drugs
2023,Becky Hill
2023,Dermot Kennedy
2023,The Teskey Brothers
2023,Nova Twins
2023,Japanese Breakfast
2023,The Joy
2023,Kelis
2023,Young Fathers
2023,Joey Bada$$
2023,Gabriels
2023,Louis Cole
2023,ADG7
2023,Yaya Bey
2023,Star Feminine Band
2023,Loyle Carner
2023,Mahalia
2023,Ezra Collective
2023,Jacob Collier
2023,Third World
2023,Sudan Archives
2023,Kanda Bongo Man
2023,Say She She
2023,Rudimental
2023,Candi Staton
2023,Barrington Levy
2023,The Hu
2023,Speakers Corner Quartet
2023,"Black Country, New Road"
2023,Beth Orton
2023,Skinny Pelembe
2023,Hot Chip
2023,Warpaint
2023,Hozier(billed as TBA)
2023,Courteeners
2023,Pale Waves
2023,Digga D
2023,Flo
2023,Bru-C
2023,The Sixsters
2023,Christine & The Queens
2023,Rina Sawayama
2023,Maneskin
2023,Rick Astley&BlossomsperformThe Smiths(billed as TBA)
2023,Shame
2023,The Murder Capital
2023,Working Men's Club
2023,Wunderhorse
2023,The Last Dinner Party
2023,Phoenix
2023,Caroline Polachek
2023,Editors
2023,Slowdive
2023,Cat Burns
2023,The Big Moon
2023,CMAT
2023,The Love Buzz
2023,Fever Ray
2023,Sparks
2023,Shygirl
2023,The Comet Is Coming
2023,Unknown Mortal Orchestra
2023,Billy Nomates
2023,Los Bitchos
2023,Alabaster DePlume
2023,Adwaith
2023,Fatboy Slim
2023,Leftfield
2023,The Pretenders
2023,Tinariwen
2023,Obongjayar
2023,Jockstrap
2023,Flohio
2023,James Ellis Ford
2023,Max Richter
2023,alt-J
2023,Thundercat
2023,Alison Goldfrapp
2023,Viagra Boys
2023,Weyes Blood
2023,Charlotte Adigery&Bolis Pupul
2023,Gwenno
2023,John Francis Flynn
2023,Dua Lipa
2023,LCD Soundsystem
2023,PJ Harvey
2023,Paul Heaton
2023,Seventeen
2023,Olivia Dean
2023,Squeeze
2023,Coldplay
2023,Little Simz
2023,Michael Kiwanuka
2023,Keane
2023,Cyndi Lauper
2023,Ayra Starr
2023,Femi Kuti
2023,SZA
2023,Burna Boy
2023,Janelle Monae
2023,Shania Twain
2023,Paloma Faith
2023,Seasick Steve
2023,Interlinked byBirmingham Royal Ballet
2023,Idles
2023,D-Block Europe
2023,Anne Marie
2023,Bombay Bicycle Club
2023,Confidence Man
2023,Headie One
2023,The Snuts
2023,Annie Mac
2023,Disclosure
2023,The Streets
2023,Camilla Cabello
2023,Bloc Party
2023,The Last Dinner Party
2023,Tems
2023,The Staves
2023,Jamie Webster
2023,The National
2023,Two Door Cinema Club
2023,Avril Lavigne
2023,Nothing But Thieves
2023,James
2023,Soft Play
2023,Rachel Chinouriri
2023,The Zutons
2023,Jungle
2023,Heilung
2023,Danny Brown
2023,Sugababes
2023,Noname
2023,Squid
2023,Asha Puthli
2023,Sofia Kourtesis
2023,Jessie Ware
2023,Masego
2023,Black Pumas
2023,Nitin Sawhney
2023,Corrine Bailey Rae
2023,Alogte Oho & His Sounds of Joy
2023,The Skatalites
2023,47SOUL
2023,Justice
2023,Nia Archives
2023,Brittany Howard
2023,Jordan Rakei
2023,Steel Pulse
2023,Balming Tiger
2023,Jalen Ngonda
2023,Matthew Halsall
2023,Jamie XX
2023,Sampha
2023,Declan McKenna
2023,Arlo Parks
2023,The Vaccines
2023,Kenya Grace
2023,Remi Wolf
2023,Lambrini Girls
2023,Voice of Braceprot
2023,Gossip
2023,Sleaford Mods
2023,Yard Act
2023,Kasabian(billed as TBA)
2023,Fat White Family
2023,Soccer Mommy
2023,Mannequin Pussy
2023,High Vis
2023,Kneecap
2023,James Blake
2023,Romy
2023,Kim Gordon
2023,Alvvays
2023,Blondshell
2023,NewDad
2023,The K's
2023,Jayhadadream (ETC Competition Winner)
2023,Fontaines D.C.
2023,King Krule
2023,Aurora
2023,Dexys
2023,This Is The Kit
2023,The Mary Wallopers
2023,Barry Can't Swim
2023,Moonchild Sanelly
2023,Lynks
2023,Peggy Gou
2023,Orbital
2023,The Breeders
2023,Lankum
2023,Arooj Aftab
2023,Otoboke Beaver
2023,Bar Italia
2023,Kara Jackson
2023,Johnny Flynn
2023,London Grammar
2023,Ghetts
2023,Mount Kimbie
2023,Baxter Dury
2023,Mdou Moctar
2023,Psychedelic Porn Crumpets
2023,Lime Garden
2023,Problem Patterns
2023,The 1975
2023,Biffy Clyro
2023,Alanis Morissette
2023,Lewis Capaldi(billed as TBA)
2023,Burning Spear
2023,CMAT
2023,Supergrass
2023,Neil Young and the Chrome Hearts
2023,Raye
2023,"Pulp(billed as ""Patchwork"")"
2023,John Fogerty
2023,The Script
2023,Brandi Carlile
2023,Kaiser Chiefs
2023,Olivia Rodrigo
2023,Noah Kahan
2023,Nile Rodgers&Chic
2023,Rod Stewart
2023,The Libertines
2023,Celeste
2023,The Selecter
2023,Loyle Carner
2023,Busta Rhymes
2023,Gracie Abrams
2023,Franz Ferdinand
2023,Wet Leg
2023,Inhaler
2023,Rizzle Kicks
2023,Fabio&Grooveriderand the Outlook Orchestra
2023,Charli XCX
2023,Skepta(replacingDeftoneswho cancelled last minute due to illness[34])
2023,Ezra Collective
2023,Amyl & The Sniffers
2023,Weezer
2023,Beabadoobee
2023,Good Neighbours
2023,Alessi Rose
2023,The Prodigy
2023,Wolf Alice
2023,Snow Patrol
2023,Turnstile
2023,Joy Crookes
2023,Shaboozey
2023,Nadine Shah
2023,Louis Dunford
2023,Maribou State
2023,Badbadnotgood
2023,Denzel Curry
2023,En Vogue
2023,Vieux Farka Toure
2023,Glass Beams
2023,Ca7riel & Paco Amoroso
2023,corto.alto
2023,Doechii
2023,Amaarae
2023,Greentea Peng
2023,Yussef Dayes
2023,Kneecap
2023,Bob Vylan
2023,Nilüfer Yanya
2023,Infinity Song
2023,Overmono
2023,Parcels
2023,The Brian Jonestown Massacre
2023,GOAT
2023,Black Uhuru
2023,Cymande
2023,Abel Selaocoeand the Bantu Ensemble
2023,Thandii
2023,Four Tet
2023,Floating Points
2023,PinkPantheress
2023,Blossoms
2023,Lola Young
2023,Shed Seven
2023,Fat Dog
2023,Myles Smith
2023,Lorde(billed as TBA)
2023,Scissor Sisters
2023,Tom Odell
2023,Father John Misty
2023,TV On The Radio
2023,Nova Twins
2023,JADE
2023,Fcukers
2023,Sorry
2023,The Amazons
2023,Jorja Smith
2023,AJ Tracey
2023,St. Vincent
2023,"Black Country, New Road"
2023,Djo
2023,Sprints
2023,Gurriers
2023,Westside Cowboy (ETC Competition Winner)
2023,Anohni and the Johnsons
2023,Self Esteem
2023,Wunderhorse
2023,Osees
2023,English Teacher
2023,Faye Webster
2023,Jalen Ngonda
2023,John Glacier
2023,Horsegirl
2023,Caribou
2023,Beth Gibbons
2023,Haim(billed as TBA)
2023,Gary Numan
2023,Pa Salieu
2023,Lucy Dacus
2023,Japanese Breakfast
2023,Ichiko Aoba
2023,Yann Tiersen
2023,The Maccabees
2023,Future Islands
2023,Kae Tempest
2023,Girl In Red
2023,Royel Otis
2023,Katy J Pearson
2023,Geordie Greep
2023,Melin Melyn
2023,Glastonbury 2008 previewat UKEvents.net
2023,eFestivals.com Glastonbury 2008 lineup rumours
2023,The Archive: a history of UK rock festivals
2024,Dua Lipa
2024,LCD Soundsystem
2024,PJ Harvey
2024,Paul Heaton
2024,Seventeen
2024,Olivia Dean
2024,Squeeze
2024,Coldplay
2024,Little Simz
2024,Michael Kiwanuka
2024,Keane
2024,Cyndi Lauper
2024,Ayra Starr
2024,Femi Kuti
2024,SZA
2024,Burna Boy
2024,Janelle Monae
2024,Shania Twain
2024,Paloma Faith
2024,Seasick Steve
2024,Interlinked byBirmingham Royal Ballet
2024,Idles
2024,D-Block Europe
2024,Anne Marie
2024,Bombay Bicycle Club
2024,Confidence Man
2024,Headie One
2024,The Snuts
2024,Annie Mac
2024,Disclosure
2024,The Streets
2024,Camilla Cabello
2024,Bloc Party
2024,The Last Dinner Party
2024,Tems
2024,The Staves
2024,Jamie Webster
2024,The National
2024,Two Door Cinema Club
2024,Avril Lavigne
2024,Nothing But Thieves
2024,James
2024,Soft Play
2024,Rachel Chinouriri
2024,The Zutons
2024,Jungle
2024,Heilung
2024,Danny Brown
2024,Sugababes
2024,Noname
2024,Squid
2024,Asha Puthli
2024,Sofia Kourtesis
2024,Jessie Ware
2024,Masego
2024,Black Pumas
2024,Nitin Sawhney
2024,Corrine Bailey Rae
2024,Alogte Oho & His Sounds of Joy
2024,The Skatalites
2024,47SOUL
2024,Justice
2024,Nia Archives
2024,Brittany Howard
2024,Jordan Rakei
2024,Steel Pulse
2024,Balming Tiger
2024,Jalen Ngonda
2024,Matthew Halsall
2024,Jamie XX
2024,Sampha
2024,Declan McKenna
2024,Arlo Parks
2024,The Vaccines
2024,Kenya Grace
2024,Remi Wolf
2024,Lambrini Girls
2024,Voice of Braceprot
2024,Gossip
2024,Sleaford Mods
2024,Yard Act
2024,Kasabian(billed as TBA)
2024,Fat White Family
2024,Soccer Mommy
2024,Mannequin Pussy
2024,High Vis
2024,Kneecap
2024,James Blake
2024,Romy
2024,Kim Gordon
2024,Alvvays
2024,Blondshell
2024,NewDad
2024,The K's
2024,Jayhadadream (ETC Competition Winner)
2024,Fontaines D.C.
2024,King Krule
2024,Aurora
2024,Dexys
2024,This Is The Kit
2024,The Mary Wallopers
2024,Barry Can't Swim
2024,Moonchild Sanelly
2024,Lynks
2024,Peggy Gou
2024,Orbital
2024,The Breeders
2024,Lankum
2024,Arooj Aftab
2024,Otoboke Beaver
2024,Bar Italia
2024,Kara Jackson
2024,Johnny Flynn
2024,London Grammar
2024,Ghetts
2024,Mount Kimbie
2024,Baxter Dury
2024,Mdou Moctar
2024,Psychedelic Porn Crumpets
2024,Lime Garden
2024,Problem Patterns
2024,The 1975
2024,Biffy Clyro
2024,Alanis Morissette
2024,Lewis Capaldi(billed as TBA)
2024,Burning Spear
2024,CMAT
2024,Supergrass
2024,Neil Young and the Chrome Hearts
2024,Raye
2024,"Pulp(billed as ""Patchwork"")"
2024,John Fogerty
2024,The Script
2024,Brandi Carlile
2024,Kaiser Chiefs
2024,Olivia Rodrigo
2024,Noah Kahan
2024,Nile Rodgers&Chic
2024,Rod Stewart
2024,The Libertines
2024,Celeste
2024,The Selecter
2024,Loyle Carner
2024,Busta Rhymes
2024,Gracie Abrams
2024,Franz Ferdinand
2024,Wet Leg
2024,Inhaler
2024,Rizzle Kicks
2024,Fabio&Grooveriderand the Outlook Orchestra
2024,Charli XCX
2024,Skepta(replacingDeftoneswho cancelled last minute due to illness[34])
2024,Ezra Collective
2024,Amyl & The Sniffers
2024,Weezer
2024,Beabadoobee
2024,Good Neighbours
2024,Alessi Rose
2024,The Prodigy
2024,Wolf Alice
2024,Snow Patrol
2024,Turnstile
2024,Joy Crookes
2024,Shaboozey
2024,Nadine Shah
2024,Louis Dunford
2024,Maribou State
2024,Badbadnotgood
2024,Denzel Curry
2024,En Vogue
2024,Vieux Farka Toure
2024,Glass Beams
2024,Ca7riel & Paco Amoroso
2024,corto.alto
2024,Doechii
2024,Amaarae
2024,Greentea Peng
2024,Yussef Dayes
2024,Kneecap
2024,Bob Vylan
2024,Nilüfer Yanya
2024,Infinity Song
2024,Overmono
2024,Parcels
2024,The Brian Jonestown Massacre
2024,GOAT
2024,Black Uhuru
2024,Cymande
2024,Abel Selaocoeand the Bantu Ensemble
2024,Thandii
2024,Four Tet
2024,Floating Points
2024,PinkPantheress
2024,Blossoms
2024,Lola Young
2024,Shed Seven
2024,Fat Dog
2024,Myles Smith
2024,Lorde(billed as TBA)
2024,Scissor Sisters
2024,Tom Odell
2024,Father John Misty
2024,TV On The Radio
2024,Nova Twins
2024,JADE
2024,Fcukers
2024,Sorry
2024,The Amazons
2024,Jorja Smith
2024,AJ Tracey
2024,St. Vincent
2024,"Black Country, New Road"
2024,Djo
2024,Sprints
2024,Gurriers
2024,Westside Cowboy (ETC Competition Winner)
2024,Anohni and the Johnsons
2024,Self Esteem
2024,Wunderhorse
2024,Osees
2024,English Teacher
2024,Faye Webster
2024,Jalen Ngonda
2024,John Glacier
2024,Horsegirl
2024,Caribou
2024,Beth Gibbons
2024,Haim(billed as TBA)
2024,Gary Numan
2024,Pa Salieu
2024,Lucy Dacus
2024,Japanese Breakfast
2024,Ichiko Aoba
2024,Yann Tiersen
2024,The Maccabees
2024,Future Islands
2024,Kae Tempest
2024,Girl In Red
2024,Royel Otis
2024,Katy J Pearson
2024,Geordie Greep
2024,Melin Melyn
2024,Glastonbury 2008 previewat UKEvents.net
2024,eFestivals.com Glastonbury 2008 lineup rumours
2024,The Archive: a history of UK rock festivals
2025,The 1975
2025,Biffy Clyro
2025,Alanis Morissette
2025,Lewis Capaldi(billed as TBA)
2025,Burning Spear
2025,CMAT
2025,Supergrass
2025,Neil Young and the Chrome Hearts
2025,Raye
2025,"Pulp(billed as ""Patchwork"")"
2025,John Fogerty
2025,The Script
2025,Brandi Carlile
2025,Kaiser Chiefs
2025,Olivia Rodrigo
2025,Noah Kahan
2025,Nile Rodgers&Chic
2025,Rod Stewart
2025,The Libertines
2025,Celeste
2025,The Selecter
2025,Loyle Carner
2025,Busta Rhymes
2025,Gracie Abrams
2025,Franz Ferdinand
2025,Wet Leg
2025,Inhaler
2025,Rizzle Kicks
2025,Fabio&Grooveriderand the Outlook Orchestra
2025,Charli XCX
2025,Skepta(replacingDeftoneswho cancelled last minute due to illness[34])
2025,Ezra Collective
2025,Amyl & The Sniffers
2025,Weezer
2025,Beabadoobee
2025,Good Neighbours
2025,Alessi Rose
2025,The Prodigy
2025,Wolf Alice
2025,Snow Patrol
2025,Turnstile
2025,Joy Crookes
2025,Shaboozey
2025,Nadine Shah
2025,Louis Dunford
2025,Maribou State
2025,Badbadnotgood
2025,Denzel Curry
2025,En Vogue
2025,Vieux Farka Toure
2025,Glass Beams
2025,Ca7riel & Paco Amoroso
2025,corto.alto
2025,Doechii
2025,Amaarae
2025,Greentea Peng
2025,Yussef Dayes
2025,Kneecap
2025,Bob Vylan
2025,Nilüfer Yanya
2025,Infinity Song
2025,Overmono
2025,Parcels
2025,The Brian Jonestown Massacre
2025,GOAT
2025,Black Uhuru
2025,Cymande
2025,Abel Selaocoeand the Bantu Ensemble
2025,Thandii
2025,Four Tet
2025,Floating Points
2025,PinkPantheress
2025,Blossoms
2025,Lola Young
2025,Shed Seven
2025,Fat Dog
2025,Myles Smith
2025,Lorde(billed as TBA)
2025,Scissor Sisters
2025,Tom Odell
2025,Father John Misty
2025,TV On The Radio
2025,Nova Twins
2025,JADE
2025,Fcukers
2025,Sorry
2025,The Amazons
2025,Jorja Smith
2025,AJ Tracey
2025,St. Vincent
2025,"Black Country, New Road"
2025,Djo
2025,Sprints
2025,Gurriers
2025,Westside Cowboy (ETC Competition Winner)
2025,Anohni and the Johnsons
2025,Self Esteem
2025,Wunderhorse
2025,Osees
2025,English Teacher
2025,Faye Webster
2025,Jalen Ngonda
2025,John Glacier
2025,Horsegirl
2025,Caribou
2025,Beth Gibbons
2025,Haim(billed as TBA)
2025,Gary Numan
2025,Pa Salieu
2025,Lucy Dacus
2025,Japanese Breakfast
2025,Ichiko Aoba
2025,Yann Tiersen
2025,The Maccabees
2025,Future Islands
2025,Kae Tempest
2025,Girl In Red
2025,Royel Otis
2025,Katy J Pearson
2025,Geordie Greep
2025,Melin Melyn
2025,Glastonbury 2008 previewat UKEvents.net
2025,eFestivals.com Glastonbury 2008 lineup rumours
2025,The Archive: a history of UK rock festivals
